OBJECTID,PROVINCIA,DISTRITO,CORREGIMIENTO,CANTIDAD,HOSPITALIZADO,AISLAMIENTO_DOMICILIARIO,FALLECIDO,UCI,RECUPERADO,LONG,LAT,GlobalID
1,BOCAS DEL TORO,ALMIRANTE ,ALMIRANTE,1,0,1,0,0,0,346352.2773,1030527.7679,78a7066b-dd3c-495d-8030-ce63e39dd394
2,BOCAS DEL TORO,ALMIRANTE ,BARRIADA GUAYMI,1,0,1,0,0,0,342522.3625,1028729.9374,a09e8e0c-d93a-4232-bfa8-557046d43c44
3,BOCAS DEL TORO,ALMIRANTE ,BARRIO FRANCES,,,,,,,349406.2891,1028416.569,c3b21f87-6851-4ca0-abc8-c23536023c8e
4,BOCAS DEL TORO,ALMIRANTE ,NANCE DEL RISCO,,,,,,,318747.8223,1002571.7652,3572df5c-ebcc-4304-88c8-0ff27f3dff3e
5,BOCAS DEL TORO,ALMIRANTE ,VALLE DE AGUA ARRIBA,,,,,,,349040.0681,1019400.2416,ce924bbb-fefa-49f4-a779-050e0b5309dc
6,BOCAS DEL TORO,ALMIRANTE ,VALLE DEL RISCO,,,,,,,341348.2177,996896.0823,4cf4caf0-f26f-431c-9f98-e52027be079c
7,BOCAS DEL TORO,BOCAS DEL TORO,BASTIMENTOS,,,,,,,373637.1122,1028915.5979,e144545f-8285-4653-898f-ae470439a665
8,BOCAS DEL TORO,BOCAS DEL TORO,BOCAS DEL TORO (CABECERA),,,,,,,359761.359,1038960.5653,4e8957e0-bbbd-4a84-bbaa-79e71eca6211
9,BOCAS DEL TORO,BOCAS DEL TORO,CAUCHERO,,,,,,,350521.5616,1009386.4911,c14f6275-3489-4fea-9680-be4c08657a19
10,BOCAS DEL TORO,BOCAS DEL TORO,PUNTA LAUREL,,,,,,,378358.1898,1014622.6252,86595786-acae-4745-be57-4cf16c38ae88
11,BOCAS DEL TORO,BOCAS DEL TORO,TIERRA OSCURA,,,,,,,363690.8502,1018916.2834,342c60ab-5f5d-453b-83bb-df74b79d9a7b
12,BOCAS DEL TORO,CHANGUINOLA,BARRIADA 4 DE ABRIL,,,,,,,331028.005,1046871.6218,d9078709-6d02-498f-a72a-529edb4e5c29
13,BOCAS DEL TORO,CHANGUINOLA,CHANGUINOLA (CABECERA),6,0,4,0,0,2,332902.7869,1044860.9983,02501ad2-3373-4ffa-8055-65e9c9956fcf
14,BOCAS DEL TORO,CHANGUINOLA,COCHIGRO,,,,,,,328653.5684,1024440.5916,42c789c6-94eb-4e64-81bb-88035cb4b76f
15,BOCAS DEL TORO,CHANGUINOLA,EL EMPALME,5,0,2,0,0,3,334927.6811,1040830.6651,37d8f49c-7028-476c-9947-ab93818c2fdc
16,BOCAS DEL TORO,CHANGUINOLA,EL SILENCIO,,,,,,,326743.8479,1039070.1549,dad9faf2-5371-4920-8cf2-3e3db89aebe3
17,BOCAS DEL TORO,CHANGUINOLA,EL TERIBE,,,,,,,307741.441,1025811.4235,fbfeac23-4dda-4cae-9328-da8bc57883da
18,BOCAS DEL TORO,CHANGUINOLA,FINCA 30,,,,,,,328945.3701,1042941.9122,ea033c75-0c3a-4d80-b05b-e1aebeea25ff
19,BOCAS DEL TORO,CHANGUINOLA,FINCA 6,,,,,,,335513.9597,1049095.3533,eb4c5373-e66d-41cd-a4a3-361bc78ea1aa
20,BOCAS DEL TORO,CHANGUINOLA,FINCA 60,,,,,,,337482.1538,1044846.9771,aec88dfc-9f7b-4474-89ce-61b3ca331f1d
21,BOCAS DEL TORO,CHANGUINOLA,GUABITO,3,0,2,0,0,1,324685.7068,1049082.9603,e3b56f69-ec51-4310-a2dc-b74f990a3b3e
22,BOCAS DEL TORO,CHANGUINOLA,LA GLORIA,,,,,,,341713.8671,1037330.347,075a1797-fb57-4f25-b9f5-c7d210a3905a
23,BOCAS DEL TORO,CHANGUINOLA,LAS DELICIAS,,,,,,,296721.1414,1041768.0326,8c388d0d-5993-4885-8cfd-2f80f35bb357
24,BOCAS DEL TORO,CHANGUINOLA,LAS TABLAS,,,,,,,308716.0875,1054251.3615,b0eb546e-05fa-4cd8-80b0-b266e39663a7
25,BOCAS DEL TORO,CHIRIQUÍ GRANDE,BAJO CEDRO,,,,,,,357113.7341,1008232.4864,038f3bfa-a44c-4774-a7af-5eb7ad23c279
26,BOCAS DEL TORO,CHIRIQUÍ GRANDE,CHIRIQUI GRANDE (CABECERA),15,2,13,0,0,0,377271.5135,987686.0011,da8a238f-291c-434a-9f90-382cb85e2f2a
27,BOCAS DEL TORO,CHIRIQUÍ GRANDE,MIRAMAR,19,0,18,0,0,1,365802.1663,993420.6132,0f246e9c-a8d0-4e87-8c58-556b8fa3e83e
28,BOCAS DEL TORO,CHIRIQUÍ GRANDE,PUNTA PEÑA,3,0,3,0,0,0,370735.6451,982952.560900001,ae3afe9b-d471-46ad-95d5-78a667b3d253
29,BOCAS DEL TORO,CHIRIQUÍ GRANDE,PUNTA ROBALO,,,,,,,359500.2472,999748.043199999,70d1e0f6-680d-4b10-bfd5-67051df96faf
30,BOCAS DEL TORO,CHIRIQUÍ GRANDE,RAMBALA,,,,,,,370393.9421,989347.209100001,e148b7b3-0f6b-4f8c-ba30-9b72ffbd1f8c
31,CHIRIQUÍ,ALANJE,ALANJE (CABECERA),2,0,0,0,0,2,328375.6727,929101.605799999,fd9f6066-4e61-4048-aad6-ad3bc97ce3b6
32,CHIRIQUÍ,ALANJE,CANTA GALLO,,,,,,,321434.4217,927214.7104,5c440d2e-28da-4a26-8128-2f90d614d09a
33,CHIRIQUÍ,ALANJE,DIVALA,5,0,1,0,0,4,314232.509,929305.8923,fa8cef4a-3aca-4155-ba7c-8e134548ccb5
34,CHIRIQUÍ,ALANJE,EL TEJAR,9,1,8,0,0,0,327563.726,932860.9066,5daedfce-62da-4340-b516-59f96a72f8d2
35,CHIRIQUÍ,ALANJE,GUARUMAL,,,,,,,330693.9697,920871.012499999,f07c6e67-a571-4aab-93c6-424b65a7aaf1
36,CHIRIQUÍ,ALANJE,NUEVO MEXICO,,,,,,,308164.4896,930496.313999999,02046766-d345-4848-9310-71c4e0e8dffe
37,CHIRIQUÍ,ALANJE,PALO GRANDE,,,,,,,323503.6739,923118.1131,ca051a94-ab62-4f20-9b9d-624eabf68d29
38,CHIRIQUÍ,ALANJE,QUEREVALO,,,,,,,334334.4556,923216.4343,97cee216-8d45-42a7-a2ec-f751ae6c3d84
39,CHIRIQUÍ,ALANJE,SANTO TOMAS,1,0,0,0,0,1,317806.8278,927828.700099999,86cebc8c-56db-4da1-b27f-f8852611fcd7
40,CHIRIQUÍ,BARÚ,BACO,,,,,,,304838.1174,925258.3489,3072947c-07ca-4291-babd-a35701ff4804
41,CHIRIQUÍ,BARÚ,LIMONES,,,,,,,292487.4546,896707.974400001,e94c7b8b-dcfd-44d0-9c33-fb3f60973051
42,CHIRIQUÍ,BARÚ,PROGRESO,,,,,,,298279.2976,935591.408299999,6b54d97e-ba5e-4542-8493-1969c3187046
43,CHIRIQUÍ,BARÚ,PUERTO ARMUELLES (CABECERA),2,0,2,0,0,0,288636.4304,916613.9461,603b5f98-dd17-4971-8093-ebda4646be06
44,CHIRIQUÍ,BARÚ,RODOLFO AGUILAR DELGADO,1,0,1,0,0,0,291419.3673,925706.673800001,72e40285-b4dd-49db-af2c-4bc64dd92eb2
45,CHIRIQUÍ,BOQUERÓN,BAGALA,1,0,1,0,0,0,330289.9798,941944.352299999,6e2d68ca-85ad-4908-b1c5-c9291c51a652
46,CHIRIQUÍ,BOQUERÓN,BOQUERON (CABECERA),4,0,4,0,0,0,326062.4009,944432.5626,d7b92bf9-f7c1-4fb8-b5d3-ce294973c3e4
47,CHIRIQUÍ,BOQUERÓN,CORDILLERA,,,,,,,324390.6018,967723.446900001,385ce857-83cd-4156-ac06-7c86e959de1c
48,CHIRIQUÍ,BOQUERÓN,GUABAL,,,,,,,329832.5349,952252.933599999,e7941bdc-ae51-4f72-8301-d3aa566157f3
49,CHIRIQUÍ,BOQUERÓN,GUAYABAL,,,,,,,327370.4356,957654.646299999,1404cb0e-7a92-4843-9ef4-2890db91dd6f
50,CHIRIQUÍ,BOQUERÓN,PARAISO,,,,,,,325769.8571,963169.2301,8325c5d3-7f6b-4da3-aef9-869cedfbc238
51,CHIRIQUÍ,BOQUERÓN,PEDREGAL,,,,,,,324167.4441,938324.994200001,34fc63a9-20bb-4d7b-8a93-8d9e4681e2ed
52,CHIRIQUÍ,BOQUERÓN,TIJERAS,1,0,0,0,0,1,327399.6191,936766.306,2255a898-b7ab-4788-95e2-ab9aafff9d8e
53,CHIRIQUÍ,BOQUETE,ALTO BOQUETE,14,0,12,0,0,2,343353.3611,959433.637800001,1c42b177-8087-498c-accd-371af31d4f7c
54,CHIRIQUÍ,BOQUETE,BAJO BOQUETE,3,0,3,0,0,0,339638.0389,970791.8039,79769fd2-d345-4e99-9423-54264eb3d58f
55,CHIRIQUÍ,BOQUETE,CALDERA,,,,,,,352573.91,963496.500700001,da6250dd-bb1c-4a2b-b659-f143cfa08e97
56,CHIRIQUÍ,BOQUETE,JARAMILLO,,,,,,,347946.5813,969420.663899999,f3d30812-6c6e-4106-91c3-ffa851bc9e57
57,CHIRIQUÍ,BOQUETE,LOS NARANJOS,,,,,,,338279.0333,976074.8397,3b173c87-ab3f-4969-a32a-52d458e513e5
58,CHIRIQUÍ,BOQUETE,PALMIRA,,,,,,,336080.799,968900.4816,66f3617a-3db2-4cd2-ad89-205bfaddecd1
59,CHIRIQUÍ,BUGABA,ASERRIO DE GARICHE,4,0,1,0,1,2,304165.5497,939957.6402,21c80691-0b87-4092-ab2d-eff7e1b03ff9
60,CHIRIQUÍ,BUGABA,BUGABA,9,0,6,0,0,3,321570.0548,937956.9211,7b02da2f-457c-4aba-b231-65311000f909
61,CHIRIQUÍ,BUGABA,EL BONGO,,,,,,,322561.4164,951647.7115,190a5c4a-5b46-4c7d-912b-00164a7d0ef5
62,CHIRIQUÍ,BUGABA,GOMEZ,,,,,,,307436.3306,947538.1391,b010aca0-360d-4313-a6ce-49ac9367c7e7
63,CHIRIQUÍ,BUGABA,LA CONCEPCION (CABECERA),1,0,1,0,0,0,320053.6588,946887.4454,f83b2dff-9aac-4d6f-b1be-9a5d199e6fca
64,CHIRIQUÍ,BUGABA,LA ESTRELLA,1,0,1,0,0,0,316388.7259,939835.431500001,f9e36c68-827d-4e6a-9051-df3054f9f664
65,CHIRIQUÍ,BUGABA,LA MATA,1,0,1,0,0,0,310949.1,955880.446599999,81fece4c-5dfd-43fd-9b42-da864ffe8c5e
66,CHIRIQUÍ,BUGABA,SAN ISIDRO,3,0,2,0,0,1,300908.4622,942563.9364,11b26868-315e-49b7-949f-ede9c87db8d0
67,CHIRIQUÍ,BUGABA,SANTA MARTA,,,,,,,312779.7131,941696.4727,618cfe08-226e-4b32-9a0a-471007b72864
68,CHIRIQUÍ,BUGABA,SANTA ROSA,,,,,,,315428.2037,952744.599300001,828a44c2-7dea-44a7-99f5-13580ac714de
69,CHIRIQUÍ,BUGABA,SANTO DOMINGO,1,0,1,0,0,0,308715.9922,938693.769200001,d9e0ecf0-c8b1-4f9d-b913-421e0be37eb8
70,CHIRIQUÍ,BUGABA,SOLANO,,,,,,,322787.1127,942224.3782,d6aaa638-e470-4e5b-b786-c23997e0e0ec
71,CHIRIQUÍ,BUGABA,SORTOVA,,,,,,,318258.3087,949071.010600001,64012ad5-9387-4f7d-aa90-721dbf8e86d7
72,CHIRIQUÍ,DAVID,BIJAGUAL,,,,,,,353510.6833,940773.890000001,e92d7835-9f48-4259-931c-c0f4d5572b36
73,CHIRIQUÍ,DAVID,CHIRIQUI,,,,,,,357311.4774,925492.463400001,6af1e951-7b5b-4bb9-9d29-a98882909f47
74,CHIRIQUÍ,DAVID,COCHEA,,,,,,,349067.2901,946198.4309,8e809f18-c00c-47c8-9223-78f43a143d53
75,CHIRIQUÍ,DAVID,DAVID (CABECERA),20,1,13,0,0,6,343300.1602,934428.261600001,7b17167c-3494-4012-b4dc-3cea53cdba13
76,CHIRIQUÍ,DAVID,DAVID ESTE,,,,,,,344615.8119,926669.758300001,1b66bd7c-23fa-4f48-ae01-71e64f023efb
77,CHIRIQUÍ,DAVID,DAVID SUR,,,,,,,340659.31,928798.9559,eae305b8-09a3-47ea-9c9f-5e5bd815cf4f
78,CHIRIQUÍ,DAVID,GUACA,,,,,,,334653.5533,950403.836300001,1a66a672-f3ec-459d-ab6c-79d205540b8e
79,CHIRIQUÍ,DAVID,LAS LOMAS,9,1,5,1,0,2,538347.8542,952171.4857,41553b50-d431-4323-8e28-ca10b3aeeab7
80,CHIRIQUÍ,DAVID,PEDREGAL,4,0,4,0,0,0,348227.2037,915033.402799999,213462cb-627e-490b-9abc-bcfab888acce
81,CHIRIQUÍ,DAVID,SAN CARLOS,1,0,1,0,0,0,335887.9263,942438.0429,54414709-abba-483e-9546-b1abbcf1c153
82,CHIRIQUÍ,DAVID,SAN PABLO NUEVO,,,,,,,335963.3179,927673.4618,2d6f2ed2-ed5d-4023-ba10-cbdae2f842d5
83,CHIRIQUÍ,DAVID,SAN PABLO VIEJO,9,0,6,0,0,3,336381.7778,935542.0396,98f73b8c-d5aa-45fb-977f-cdb704306a6a
84,CHIRIQUÍ,DOLEGA,DOLEGA (CABECERA),,,,,,,342957.9566,948035.433900001,616d3d40-c797-4f97-ae3e-34891752ff96
85,CHIRIQUÍ,DOLEGA,DOS RIOS,,,,,,,347038.7485,943710.4428,48619f15-c445-4e66-8bed-073144725086
86,CHIRIQUÍ,DOLEGA,LOS ALGARROBOS,2,0,2,0,0,0,341930.8236,943512.5594,f82bfa6d-b700-44b5-a693-c58cddfe124b
87,CHIRIQUÍ,DOLEGA,LOS ANASTACIOS,,,,,,,344250.262,943456.970100001,77a44547-057e-4ed5-a7a2-fa040d2c6e65
88,CHIRIQUÍ,DOLEGA,POTRERILLOS,,,,,,,335678.2283,963524.7083,c1668aab-77ba-4b1f-b1e5-cc970c8c9fc1
89,CHIRIQUÍ,DOLEGA,POTRERILLOS  ABAJO,,,,,,,338602.5207,955037.604900001,ac400aba-49fc-485f-8824-1654c07ce28c
90,CHIRIQUÍ,DOLEGA,ROVIRA,,,,,,,333017.7218,960190.282400001,12117253-9e9f-486f-a203-de97404031b3
91,CHIRIQUÍ,DOLEGA,TINAJAS,,,,,,,338027.2907,947561.330700001,f268fb3d-34fc-477b-be7a-67a8b2381c11
92,CHIRIQUÍ,GUALACA,GUALACA (CABECERA),4,0,0,2,0,2,362145.7721,948720.2552,7e61c009-f0b1-40af-b71e-2ba20a23254a
93,CHIRIQUÍ,GUALACA,HORNITO,,,,,,,365914.462,963273.8267,183847f7-160e-40fc-8041-86c4fb0a5797
94,CHIRIQUÍ,GUALACA,LOS ANGELES,,,,,,,368734.6879,943204.5177,8d117eb8-aec7-4f89-8a99-ca72c132dff0
95,CHIRIQUÍ,GUALACA,PAJA DE SOMBRERO,,,,,,,355810.7232,956838.1875,79a8b23c-54de-40e4-8eb7-afacdc10dc4d
96,CHIRIQUÍ,GUALACA,RINCON,,,,,,,363090.0478,935726.1066,0d2b3d32-65fd-4fa4-942d-20022c5421cb
97,CHIRIQUÍ,REMEDIOS,EL NANCITO,,,,,,,417597.5331,911476.3166,57102beb-4daf-4217-8c50-c0511d672a35
98,CHIRIQUÍ,REMEDIOS,EL PORVENIR,,,,,,,407770.9137,914946.499600001,2b84b13c-9f89-4fd4-bd9c-341418ab36e7
99,CHIRIQUÍ,REMEDIOS,EL PUERTO,,,,,,,413576.5671,906503.240700001,f2a2350f-d2df-4734-845c-f0e7beb919b1
100,CHIRIQUÍ,REMEDIOS,REMEDIOS (CABECERA),2,0,1,0,0,1,410426.6887,904656.651900001,03a4772c-51e7-45b0-88c9-1c322e917b67
101,CHIRIQUÍ,REMEDIOS,SANTA LUCIA,,,,,,,411874.483,912248.816099999,313c2285-1a5d-496f-802b-a6e18e0091d9
102,CHIRIQUÍ,RENACIMIENTO,BREÑON,,,,,,,300180.7547,953616.297800001,666c260c-daea-4456-b925-ade74544c330
103,CHIRIQUÍ,RENACIMIENTO,CAÑAS GORDAS,2,0,2,0,0,0,294432.9373,964442.6293,c02015c1-35fa-48b4-b237-dbccc8780f39
104,CHIRIQUÍ,RENACIMIENTO,DOMINICAL,,,,,,,306685.6656,963593.259,d0310e1c-7111-49a4-98d3-da0fdef2c822
105,CHIRIQUÍ,RENACIMIENTO,MONTE LIRIO,,,,,,,301534.718,972844.5562,794083aa-2bdc-4948-a80d-9ba993949f82
106,CHIRIQUÍ,RENACIMIENTO,PLAZA CAISAN,1,0,0,0,0,1,304906.7093,968569.4682,f463d4e1-b8b9-44b2-8bea-721afd65f027
107,CHIRIQUÍ,RENACIMIENTO,RIO SERENO (CABECERA),1,0,0,1,0,0,299442.8527,976410.9889,78509512-c439-46c1-9311-411e9eae0f79
108,CHIRIQUÍ,RENACIMIENTO,SANTA CLARA,,,,,,,636481.416,1002958.8889,dc337066-56ac-41a8-bff0-b8de53bdba89
109,CHIRIQUÍ,RENACIMIENTO,SANTA CRUZ,,,,,,,305830.8266,956250.6351,792d944a-edcb-4a26-918a-8eb67b58226a
110,CHIRIQUÍ,SAN FÉLIX,JUAY,,,,,,,394273.9375,917137.126900001,fc5cab7f-9902-40ec-a22e-afeec8c43c7b
111,CHIRIQUÍ,SAN FÉLIX,LAJAS ADENTRO,,,,,,,400458.6861,908928.8685,3759702b-ab03-4a3e-b3cc-539c09f63ed2
112,CHIRIQUÍ,SAN FÉLIX,LAS LAJAS (CABECERA),,,,,,,404746.6982,907317.240499999,34ab9d69-7489-4e89-a35c-488551a83845
113,CHIRIQUÍ,SAN FÉLIX,SAN FELIX,2,0,1,0,0,1,402428.631,918835.9275,4558a44d-e479-405e-840a-feafadece7d9
114,CHIRIQUÍ,SAN FÉLIX,SANTA CRUZ,,,,,,,398598.3732,911296.608999999,8bc26ba4-e4a6-4f2b-8701-b376b4415848
115,CHIRIQUÍ,SAN LORENZO,BOCA CHICA,,,,,,,368110.4545,910050.060000001,008be4f0-c1ec-48ed-a7f1-3947172541af
116,CHIRIQUÍ,SAN LORENZO,BOCA DEL MONTE,,,,,,,375655.6616,928766.4888,885268b9-15e2-4cf7-981b-943bbcc1e557
117,CHIRIQUÍ,SAN LORENZO,HORCONCITOS (CABECERA),,,,,,,372420.1726,917435.3444,ed5076de-4980-4e79-90b7-314fb8e21982
118,CHIRIQUÍ,SAN LORENZO,SAN JUAN,1,0,1,0,0,0,389363.4335,914526.027000001,b50e63b9-6834-4985-ae66-d933f0f3fa13
119,CHIRIQUÍ,SAN LORENZO,SAN LORENZO,,,,,,,382118.0494,915311.780999999,cee812bc-ff64-4c2f-b1c0-89bc01cb35b6
120,CHIRIQUÍ,TIERRAS ALTAS ,CERRO PUNTA,,,,,,,325668.9904,981033.5877,764aca78-5ed6-4580-a4b6-1d8963b2fc49
121,CHIRIQUÍ,TIERRAS ALTAS ,CUESTA DE PIEDRA,,,,,,,320867.0102,962039.9387,1559cfcb-0fb9-4fa4-ae60-687f51e6bb36
122,CHIRIQUÍ,TIERRAS ALTAS ,NUEVA CALIFORNIA,1,0,1,0,0,0,315429.9864,978164.889,c2cff8ea-f245-4003-bd6b-27a8d66c20e5
123,CHIRIQUÍ,TIERRAS ALTAS ,PASO ANCHO,,,,,,,324076.924,975932.536800001,57f0d404-76e7-4981-a741-6cd5429741e7
124,CHIRIQUÍ,TIERRAS ALTAS ,VOLCAN (CABECERA),2,0,1,1,0,0,317026.6438,965716.4165,70a80341-596e-4d7a-831e-ca824682fdd4
125,CHIRIQUÍ,TOLÉ,BELLA VISTA,,,,,,,432859.7245,905750.210999999,19becf99-7d70-46de-a645-362460abeb41
126,CHIRIQUÍ,TOLÉ,CERRO VIEJO,,,,,,,436886.6734,912374.7115,967c3240-029f-44ec-aa4e-47caf6b13d1c
127,CHIRIQUÍ,TOLÉ,EL CRISTO,,,,,,,433820.0576,919995.5866,52bc2f90-3ef5-4fe7-8f1d-f02c979e85db
128,CHIRIQUÍ,TOLÉ,JUSTO FIDEL PALACIOS,,,,,,,441032.5802,920511.691299999,d976e7d3-e80f-4de5-a5ee-b8c97e6fbd6f
129,CHIRIQUÍ,TOLÉ,LAJAS DE TOLE,,,,,,,425960.9086,901625.9782,892ec43b-8562-4409-9774-dbec5df69bda
130,CHIRIQUÍ,TOLÉ,POTRERO DE CAÑA,,,,,,,423316.0779,915909.059,b5754e46-dd45-45a8-a3c5-b7ff8512626c
131,CHIRIQUÍ,TOLÉ,QUEBRADA DE PIEDRA,,,,,,,425484.4464,893397.620999999,18e7eb89-0951-4df5-9524-d2cc6c696055
132,CHIRIQUÍ,TOLÉ,TOLE (CABECERA),,,,,,,422249.0894,908674.5558,9c735590-f0dd-4bf7-84fd-c866041d5adc
133,CHIRIQUÍ,TOLÉ,VELADERO,,,,,,,429196.6646,910647.8331,cab31f23-a5a1-4623-8356-eb791a0474aa
134,COCLÉ,AGUADULCE,AGUADULCE (CABECERA),7,0,4,1,0,2,549044.3471,909939.3442,6bb957e5-87ca-4ff0-967b-1fadc9d013b1
135,COCLÉ,AGUADULCE,BARRIOS UNIDOS,4,0,4,0,0,0,552469.035,907145.0341,e0bdef10-d891-41db-80c6-377cf402df0a
136,COCLÉ,AGUADULCE,EL CRISTO,,,,,,,541035.118,912657.0317,b3f7031f-9d3b-47bc-88cf-2f5226255571
137,COCLÉ,AGUADULCE,EL ROBLE,3,0,3,0,0,0,547383.0557,901291.129899999,eb55e79c-8fad-453d-9c44-8c08331f2f44
138,COCLÉ,AGUADULCE,HATO DE SAN JUAN DE DIOS,,,,,,,535412.9141,914850.604699999,6f3cc6b7-3f5b-4c02-944c-8ad385118d7c
139,COCLÉ,AGUADULCE,POCRI,6,1,4,0,0,1,550528.8807,913243.3596,e14ee61e-aab2-42e0-ab1c-9d44590808ec
140,COCLÉ,AGUADULCE,PUEBLOS UNIDOS,,,,,,,534438.7597,905538.228399999,04ae81dc-86f8-4c90-9147-c82bb2cf918c
141,COCLÉ,AGUADULCE,VIRGEN DEL CARMEN,,,,,,,546562.1968,912703.658199999,4ba20bc6-b813-4292-ae7e-4a2cee130007
142,COCLÉ,ANTÓN,ANTON (CABECERA),4,0,1,0,0,3,579401.2981,926553.6317,32b91852-f606-409e-84d5-30e2617cc049
143,COCLÉ,ANTÓN,CABALLERO,1,0,1,0,0,0,587649.5843,943318.626900001,69851298-202c-448a-8caa-f16ded741a67
144,COCLÉ,ANTÓN,CABUYA,,,,,,,595023.4368,944537.918,c4e332af-d310-41e7-9453-b67a5835caf5
145,COCLÉ,ANTÓN,EL CHIRU,1,0,1,0,0,0,586017.72,924889.502499999,f79c9c84-ee42-4fe7-82cf-d5605c55ba20
146,COCLÉ,ANTÓN,EL RETIRO,,,,,,,590729.6182,933814.2432,4793d91c-a840-4363-967b-f8e0aa297ac7
147,COCLÉ,ANTÓN,EL VALLE,1,0,0,0,0,1,595834.6159,952637.2851,9cd1c694-9f27-46b9-a22e-c47ebae76441
148,COCLÉ,ANTÓN,JUAN DIAZ,,,,,,,575564.5353,928948.2414,6fc22b41-fd75-4cbf-ae1c-ff177bb54c7a
149,COCLÉ,ANTÓN,RIO HATO,16,1,11,0,0,4,597158.1371,931211.934599999,f0eb9c72-b53a-4d4a-9909-766050f45659
150,COCLÉ,ANTÓN,SAN JUAN DE DIOS,,,,,,,584166.5938,944511.861400001,4bad949d-8009-4435-a04b-f88ed68b7182
151,COCLÉ,ANTÓN,SANTA RITA,,,,,,,588776.8831,939011.473200001,85273c37-3a6f-4600-ae0c-c62244cbd786
152,COCLÉ,LA PINTADA,EL HARINO,2,1,1,0,0,0,541670.6421,960698.1099,30e61b8e-6066-4371-ad95-26615b5120a5
153,COCLÉ,LA PINTADA,EL POTRERO,,,,,,,553385.9631,944576.627,97ef9b98-a82e-460f-8f57-226ddf6ae5a2
154,COCLÉ,LA PINTADA,LA PINTADA (CABECERA),5,0,5,0,0,0,559892.5619,948466.5142,83f46bde-c1a5-468f-a480-f15d866628fc
155,COCLÉ,LA PINTADA,LAS LOMAS,,,,,,,348388.7717,933464.9132,9bde1c49-ac41-496d-9ab3-d7be85ed0aa5
156,COCLÉ,LA PINTADA,LLANO GRANDE,,,,,,,561626.2772,957781.950999999,27263c01-260f-4756-abb7-6c90f07d796d
157,COCLÉ,LA PINTADA,LLANO NORTE,,,,,,,556768.6486,974715.1536,1d9f710d-4c02-477e-beff-8866c12a64d5
158,COCLÉ,LA PINTADA,PIEDRAS GORDAS,,,,,,,551390.0459,960718.373199999,e5a68c5c-d269-44a5-8b01-296e185d9a99
159,COCLÉ,NATÁ,CAPELLANIA,,,,,,,549477.0711,917070.311799999,18ef9a08-90c7-4fcb-a1ec-923913e35041
160,COCLÉ,NATÁ,EL CACAO,1,0,1,0,0,0,550535.932,933008.968800001,08077f59-4996-4a28-a1e1-f5c9c364e977
161,COCLÉ,NATÁ,GUZMAN,,,,,,,545366.4894,944231.457699999,dfc4ffb0-685d-4da5-8128-32e6fb0f7a2c
162,COCLÉ,NATÁ,LAS HUACAS,,,,,,,526068.8583,938672.5108,d4f60998-e244-4a13-aaef-1ca2804eee21
163,COCLÉ,NATÁ,NATA (CABECERA),4,0,3,1,0,0,557271.1278,919179.775900001,30dd508d-ca65-4429-8411-aba028ebda7c
164,COCLÉ,NATÁ,TOZA,,,,,,,540594.1943,924680.161800001,82201b93-56bc-45b4-98b0-b7107cb79b70
165,COCLÉ,NATÁ,VILLARREAL,3,0,2,0,0,1,540103.5766,920106.1382,5a0d4149-4512-49db-9ca7-17d8b7ccd7d7
166,COCLÉ,OLÁ,EL COPE,,,,,,,532157.7888,936315.672599999,4e2ce230-52c9-48b9-af65-8348b7aa5b84
167,COCLÉ,OLÁ,EL PALMAR,,,,,,,531644.0629,947295.443299999,5aa5fd45-1aaa-4457-bece-12ff27842153
168,COCLÉ,OLÁ,EL PICACHO,,,,,,,539498.1326,927437.100400001,a9e37bf7-8a32-4238-8bd4-2b2c12e5b1b2
169,COCLÉ,OLÁ,LA PAVA,1,0,1,0,0,0,542985.037,936190.800899999,1acb7fa5-a7df-4789-b0fc-5e04b728e542
170,COCLÉ,OLÁ,OLA  (CABECERA),2,0,2,0,0,0,537379.2318,935768.704600001,287e0f52-6eb0-4a8a-8009-b288157440d1
171,COCLÉ,PENONOMÉ,CAÑAVERAL,5,0,4,0,0,1,564151.9632,942066.368799999,2140836f-1d59-4ed3-8a54-69d22da1efa2
172,COCLÉ,PENONOMÉ,CHIGUIRI ARRIBA,2,0,2,0,0,0,590559.6125,962942.5854,ca274c59-a260-4591-8372-74a1af2cf07c
173,COCLÉ,PENONOMÉ,COCLE,,,,,,,563623.0442,929391.5054,e9031538-e67d-47d0-b55b-ed1e04e38ffe
174,COCLÉ,PENONOMÉ,EL COCO,7,0,6,0,0,1,571059.6417,929774.944800001,ba1be940-a271-4ea6-8746-91cb3ddfd908
175,COCLÉ,PENONOMÉ,PAJONAL,6,0,5,0,0,1,581790.8811,949694.694399999,416cbd9f-5818-45e0-b5b9-6d74907c9c8a
176,COCLÉ,PENONOMÉ,PENONOME (CABECERA),16,0,9,1,0,6,570624.3116,942807.8412,72610a25-d974-47c6-b594-1e2b5cfa3f6e
177,COCLÉ,PENONOMÉ,RIO GRANDE,,,,,,,557675.9754,933757.4044,a0988770-c712-4cca-9c98-08aedba57444
178,COCLÉ,PENONOMÉ,RIO INDIO,,,,,,,585090.5411,984616.150900001,aeea38fd-008b-484b-b780-7bb22829f781
179,COCLÉ,PENONOMÉ,TOABRE,,,,,,,576805.9746,965927.118899999,8b5e0628-ae24-4553-8f4e-507b4eabf091
180,COCLÉ,PENONOMÉ,TULU,,,,,,,567238.7747,964218.161699999,5a54bd3d-221f-4929-805f-355cd368bde5
181,COLÓN,CHAGRES,ACHIOTE,,,,,,,606567.9696,1017625.228,02945bfa-1c29-4773-9916-9272eaa540c0
182,COLÓN,CHAGRES,EL GUABO,,,,,,,601167.7426,1007488.4302,b7853b01-fb20-4381-8231-8d8b19ef4c26
183,COLÓN,CHAGRES,LA ENCANTADA,,,,,,,593177.2278,999584.684800001,dc76fe6c-eb80-4177-bd8e-6fe2c5e83783
184,COLÓN,CHAGRES,NUEVO CHAGRES (CABECERA),,,,,,,601946.8366,1021989.4434,bbe76771-3653-4b60-b23d-9c5702f828a1
185,COLÓN,CHAGRES,PALMAS BELLAS,1,0,0,0,0,1,600699.0546,1015181.4183,a5996e6f-6441-4dd5-8d1b-15c7fb86a5e8
186,COLÓN,CHAGRES,PIÑA,,,,,,,606958.7771,1024134.3489,0101677d-a854-4835-9dbc-7273d8271db2
187,COLÓN,CHAGRES,SALUD,,,,,,,594272.8195,1011096.4239,05f30d74-46cb-496d-a6cf-3df3f2bda5e9
188,COLÓN,COLÓN,BARRIO NORTE,9,0,5,0,0,4,620689.6037,1035099.3449,bec094f0-6f25-4ead-b29d-7bbe88f4c9eb
189,COLÓN,COLÓN,BARRIO SUR,3,0,2,1,0,0,621281.9649,1034074.2909,d299dd8c-5591-4d66-a3df-32b9a2a90563
190,COLÓN,COLÓN,BUENA VISTA,6,0,4,1,0,1,644354.3206,1026525.9302,bc944b01-2603-43af-b66b-f58c9acf7932
191,COLÓN,COLÓN,CATIVA,33,0,14,1,0,18,628383.5977,1035236.3765,f5190dab-d694-4d88-8fbc-4fdae575503b
192,COLÓN,COLÓN,CIRICITO,,,,,,,603499.8873,997211.6504,565da552-ca2c-4c03-b755-786800f1374c
193,COLÓN,COLÓN,CRISTOBAL,69,3,32,1,1,32,624704.3165,1022099.004,17f1fbe0-a77e-4534-a451-fc252b353566
194,COLÓN,COLÓN,ESCOBAL,,,,,,,609567.1199,1005420.0803,2e08804a-fcdc-4346-81b9-605fb1f31f28
195,COLÓN,COLÓN,LIMON,3,0,3,0,0,0,636962.7601,1024146.579,e40be0b0-3e6e-4e52-9706-eabee03bc4be
196,COLÓN,COLÓN,NUEVA PROVIDENCIA,4,0,4,0,0,0,631464.1139,1027765.4389,75168deb-79a4-4cb0-b66a-be1048c80b8b
197,COLÓN,COLÓN,PUERTO PILON,13,0,13,0,0,0,637121.4877,1034525.4722,14eb7798-bf4d-48fd-bdc3-26dd72069af2
198,COLÓN,COLÓN,SABANITAS,14,0,11,1,0,2,631753.4426,1032200.373,8256178f-8c6b-4685-9dde-a37daaf5529b
199,COLÓN,COLÓN,SALAMANCA,3,0,3,0,0,0,653482.8789,1037086.0085,089c8608-ea51-46d4-a232-a8133782eb80
200,COLÓN,COLÓN,SAN JUAN,24,0,6,0,0,18,496252.1957,917194.638,72112939-c518-4963-9787-a3199b653fb0
201,COLÓN,COLÓN,SANTA ROSA,,,,,,,645048.6892,1017863.2761,dc1ea908-1a92-4d7c-b3c5-582e4023d3b7
202,COLÓN,DONOSO,COCLE DEL NORTE,,,,,,,539752.6431,985043.621400001,da80e485-5d84-40b4-b565-1700c9f32096
203,COLÓN,DONOSO,EL GUASIMO,,,,,,,573165.8423,994889.347200001,06c75640-16e5-4e6a-84f9-3fa3abac4e8b
204,COLÓN,DONOSO,GOBEA,,,,,,,584742.2236,1009382.9309,248fcb47-c485-4c57-b071-2451639f636b
205,COLÓN,DONOSO,MIGUEL DE LA BORDA (CABECERA),,,,,,,568980.4284,1005099.1381,d0b4d6b4-fa23-4502-abd5-b31c43970bf8
206,COLÓN,DONOSO,RIO INDIO,1,0,0,0,1,0,587153.9104,1005111.0071,73ee6ef3-026d-47fd-b0ba-d9bcb93fa3ee
207,COLÓN,OMAR TORRIJOS HERRERA,NUEVA ESPERANZA,157,2,110,1,1,43,542784.0161,982576.458699999,c681a63c-92ba-4f16-ace5-288a391ab486
208,COLÓN,OMAR TORRIJOS HERRERA,SAN JOSE DEL GENERAL,3,0,2,0,0,1,547660.3571,981115.9398,d3640a82-0a69-4e8a-8e9c-f6d00cb42763
209,COLÓN,OMAR TORRIJOS HERRERA,SAN JUAN DE TURBE,,,,,,,541190.7638,973749.3463,56dcef96-96d1-4f06-a9d3-d00246227d3e
210,COLÓN,PORTOBELO,CACIQUE,,,,,,,650162.9492,1060981.7278,8f604406-a52d-4ab6-90ea-89617cd6557f
211,COLÓN,PORTOBELO,ISLA GRANDE,,,,,,,659263.6861,1061314.3883,f23eaf4b-8dac-46e2-9aa0-d14b73194514
212,COLÓN,PORTOBELO,MARIA CHIQUITA,3,2,1,0,0,0,640593.5727,1040186.5649,993aa1c9-d354-4080-81b5-4359dcdb7b5b
213,COLÓN,PORTOBELO,PORTOBELO (CABECERA),,,,,,,650267.8951,1050573.2426,78b22443-6017-460b-8182-4c13560fb3f2
214,COLÓN,PORTOBELO,PUERTO LINDO O GARROTE,,,,,,,655416.643,1060038.6118,5eadbe8f-6eeb-4e60-b51e-e5793e012e8e
215,COLÓN,SANTA ISABEL,CUANGO,,,,,,,684635.5842,1052788.8361,f9f45cd9-e32d-4aa4-99b2-b94ad9f5acea
216,COLÓN,SANTA ISABEL,MIRAMAR,,,,,,,682131.8479,1056862.0595,d706372b-9838-4916-b0fe-090d9779e555
217,COLÓN,SANTA ISABEL,NOMBRE DE DIOS,,,,,,,666863.425,1055077.3157,5936994a-a61a-48d9-8620-cd0857e9e7e8
218,COLÓN,SANTA ISABEL,PALENQUE (CABECERA),,,,,,,678614.1044,1049710.7414,9613f534-90d0-47eb-8fdd-a859024b532a
219,COLÓN,SANTA ISABEL,PALMIRA,,,,,,,695618.6563,1045308.5022,f2c36b75-68a4-4193-b9a2-67b3f29f8ff2
220,COLÓN,SANTA ISABEL,PLAYA CHIQUITA,,,,,,,686562.4095,1047948.279,c3b68da2-d7ca-4c12-89fc-622c6ec9caa6
221,COLÓN,SANTA ISABEL,SANTA ISABEL,,,,,,,704383.6716,1050846.5249,1fb26cea-71ff-44e2-8a9a-d9defba9a455
222,COLÓN,SANTA ISABEL,VIENTO FRIO,,,,,,,675536.6179,1055285.2602,6f3136a4-aaf0-4934-bd9f-947dcb3d4141
223,COMARCA GUNA YALA,GUNA YALA,AILIGANDI,100,11,54,3,1,31,812174.5479,1020529.1421,ead4cacb-c006-4b2e-8f55-0cbb706646e4
224,COMARCA GUNA YALA,GUNA YALA,NARGANA (CABECERA),91,3,65,5,2,16,736265.0116,1038777.5647,d58b9a47-3ece-4519-8abb-b9d5fa446314
225,COMARCA GUNA YALA,GUNA YALA,PUERTO OBALDIA,,,,,,,891601.2349,953153.329600001,ff4a5ef9-cd83-4656-814c-e57030088960
226,COMARCA GUNA YALA,GUNA YALA,TUBUALA,1,0,1,0,0,0,861350.4422,981077.985099999,1ea745c7-d67f-4d46-b312-935d0a0b4e5b
227,COMARCA NGÄBE BUGLÉ,BESIKO,BOCA DE BALSA,,,,,,,386494.084,949571.2873,79bd2c9e-947c-4e8c-aca3-ba68cb1d4c5f
228,COMARCA NGÄBE BUGLÉ,BESIKO,CAMARON ARRIBA,,,,,,,390331.4096,928050.1908,a43a3d9e-c9a9-490a-bc4e-457f95efe4d4
229,COMARCA NGÄBE BUGLÉ,BESIKO,CERRO BANCO,,,,,,,388492.7697,936245.8697,2413f714-b63c-4338-bbce-3f7b0b2e40eb
230,COMARCA NGÄBE BUGLÉ,BESIKO,CERRO DE PATENA,,,,,,,397262.6589,933348.682700001,0bd76128-0285-49e2-9af4-3bdd8bff267a
231,COMARCA NGÄBE BUGLÉ,BESIKO,EMPLANADA DE CHORCHA,,,,,,,374369.9638,951391.615,ed552724-a237-410b-a961-9adb09c1a1fb
232,COMARCA NGÄBE BUGLÉ,BESIKO,NAMNONI,,,,,,,393227.4921,925234.6841,db7c2ca6-0a62-4945-b00b-0a1a1c6015d1
233,COMARCA NGÄBE BUGLÉ,BESIKO,NIBA,,,,,,,395021.3196,946496.1318,8b0ceaf6-4de4-4457-b97e-5ed405bc9571
234,COMARCA NGÄBE BUGLÉ,BESIKO,SOLOY (CABECERA),1,1,0,0,0,0,379524.4537,944562.031400001,0cfafadd-568a-49d6-b922-3a4e9b225c6b
235,COMARCA NGÄBE BUGLÉ,JIRONDAI,CASCABEL,,,,,,,403162.3232,946175.470100001,9663e2aa-8755-492a-85cd-6a6da4e7732c
236,COMARCA NGÄBE BUGLÉ,JIRONDAI,HATO COROTI,,,,,,,394407.6587,922234.378900001,c34094f2-4aca-4982-99ec-6299086bf3e8
237,COMARCA NGÄBE BUGLÉ,JIRONDAI,HATO CULANTRO,,,,,,,404777.7543,934811.9329,5a516cc4-3deb-4774-8121-5751da7b082f
238,COMARCA NGÄBE BUGLÉ,JIRONDAI,HATO JOBO,,,,,,,400987.631,928597.5076,ec655a8c-73d6-40de-b2c4-3b16fe6ffb1b
239,COMARCA NGÄBE BUGLÉ,JIRONDAI,HATO JULI,,,,,,,406242.2043,923908.596799999,2df03034-c256-4d6f-b05f-24ed21b2f1a4
240,COMARCA NGÄBE BUGLÉ,JIRONDAI,HATO PILON (CABECERA),,,,,,,407938.2916,927836.9572,d3d32d9c-d4e0-4624-945e-6a4c62bbd2b1
241,COMARCA NGÄBE BUGLÉ,JIRONDAI,QUEBRADA DE LORO,,,,,,,398192.8368,923093.622400001,559d44f3-647f-47cf-bd35-7b72ba9b6518
242,COMARCA NGÄBE BUGLÉ,JIRONDAI,SALTO DUPI,,,,,,,402247.7488,923911.529100001,e352c78d-c748-4533-a446-5e1dbe6d11af
243,COMARCA NGÄBE BUGLÉ,JIRONDAI,BURI,24,0,24,0,0,0,363625.7966,978097.251700001,c8ef9b0e-8832-49e6-a6dc-a8c4ebba7405
244,COMARCA NGÄBE BUGLÉ,KANKINTÚ,ALTO CABALLERO,,,,,,,425671.7608,917367.2302,99351840-4e13-4084-90a7-62dbab2bccea
245,COMARCA NGÄBE BUGLÉ,KANKINTÚ,BAKAMA,1,0,1,0,0,0,434626.2607,911688.455800001,3c36bdd8-9478-4758-a07b-d7d7d32d554e
246,COMARCA NGÄBE BUGLÉ,MÜNA,CERRO CAÑA,1,0,1,0,0,0,430391.571,920978.4136,45f38655-980c-40d3-8540-8f9238b0aa98
247,COMARCA NGÄBE BUGLÉ,KANKINTÚ,CERRO PUERCO,,,,,,,416193.3538,921733.2005,7139d483-0781-467f-a1a4-941f7aa54390
248,COMARCA NGÄBE BUGLÉ,KANKINTÚ,CHICHICA (Cabecera),,,,,,,425527.6133,927001.000399999,59087cde-a817-4cf9-a0ea-649ff4e67371
249,COMARCA NGÄBE BUGLÉ,KANKINTÚ,DIKERI,,,,,,,428642.2438,926360.8265,2b1b7c87-e38a-4f9e-94ce-a3813c80db69
250,COMARCA NGÄBE BUGLÉ,KANKINTÚ,DIKO,,,,,,,421083.2676,934150.074899999,445b9332-b29b-4345-8907-dceff057c5d3
251,COMARCA NGÄBE BUGLÉ,KANKINTÚ,KIKARI,,,,,,,423996.0782,921705.226500001,47f606c9-a521-48de-974a-31e97e994ca7
252,COMARCA NGÄBE BUGLÉ,KANKINTÚ,KRUA,,,,,,,439426.8542,944230.3366,87df9428-7746-4ef6-90d7-68880ad3b17c
253,COMARCA NGÄBE BUGLÉ,KANKINTÚ,MARACA,,,,,,,419989.7881,925763.140699999,0a733345-ad4f-4c6a-a65c-4c30ab6b504b
254,COMARCA NGÄBE BUGLÉ,KANKINTÚ,MREENI,,,,,,,439336.3276,928034.8541,01ed687d-b70b-4f16-9b14-292112f5fcbb
255,COMARCA NGÄBE BUGLÉ,KANKINTÚ,NIBRA,,,,,,,438885.664,917030.538699999,8737cdc1-2e80-4293-ac97-387622eb765f
256,COMARCA NGÄBE BUGLÉ,KANKINTÚ,PEÑA BLANCA,,,,,,,426565.8025,938796.5108,4a871255-5d00-4307-8cd7-a3a2a5c5cc44
257,COMARCA NGÄBE BUGLÉ,KANKINTÚ,ROKA,,,,,,,432367.8704,939636.2152,fe61a732-2c36-4609-886d-28c57b12b974
258,COMARCA NGÄBE BUGLÉ,KANKINTÚ,SITIO PRADO,,,,,,,434477.5013,929694.0109,9975b086-f81d-4db5-8da2-0e6fe94dcc67
259,COMARCA NGÄBE BUGLÉ,KANKINTÚ,UMANI,,,,,,,420214.971,919040.2193,9a672934-b110-49b6-abf8-a04fe9c45e39
260,COMARCA NGÄBE BUGLÉ,KUSAPIN,KUSAPIN,1,0,1,0,0,0,411152.7833,918944.581499999,bfb3a8bd-1b95-4b29-8b7f-cf27481e48c9
261,COMARCA NGÄBE BUGLÉ,KUSAPIN,HATO CHAMI,,,,,,,415293.7727,932080.697699999,66079b71-b746-4c5b-ad84-d0338d63e095
262,COMARCA NGÄBE BUGLÉ,KUSAPIN,JADEBERI,,,,,,,411430.4564,939009.652100001,57539b37-4559-4cfa-b69d-a79b3cc88a58
263,COMARCA NGÄBE BUGLÉ,KUSAPIN,LAJERO,,,,,,,414834.2187,916134.293500001,d05f86dd-5734-47e7-aa23-b2bdeaabb2f4
264,COMARCA NGÄBE BUGLÉ,KUSAPIN,SUSAMA,,,,,,,411647.533,924186.088500001,eb50f9ec-d32f-4ad9-8e63-48b66cdfd80b
265,COMARCA NGÄBE BUGLÉ,MIRONO,AGUA DE SALUD,,,,,,,452104.3955,940969.8281,a6e220fe-193d-4f8e-bbe1-ed1fa6c28857
266,COMARCA NGÄBE BUGLÉ,MIRONO,ALTO DE JESUS,,,,,,,447825.0546,913509.363,d2894764-b74b-4924-b6de-d213a92f9a4b
267,COMARCA NGÄBE BUGLÉ,MIRONO,BUENOS AIRES,,,,,,,446387.1005,934007.9279,3cbbf591-155a-4ff2-aa1f-11ed21d16aaa
268,COMARCA NGÄBE BUGLÉ,MIRONO,CERRO PELADO,,,,,,,440939.4993,902533.2729,bce2735e-e36f-41ba-b38e-3b3615e79ac2
269,COMARCA NGÄBE BUGLÉ,MIRONO,EL BALE,,,,,,,458510.1264,922557.7426,7bbee4b2-ed66-4d25-9f99-d25d885eb115
270,COMARCA NGÄBE BUGLÉ,MIRONO,EL PAREDON,,,,,,,474916.3053,938177.179500001,44ce7ea5-b9d0-4d38-a4bc-d60cc20b6df2
271,COMARCA NGÄBE BUGLÉ,MIRONO,EL PEÑON,,,,,,,451773.5542,932388.260600001,22b5000f-ba4e-4e33-99a1-c8d8cbe725e4
272,COMARCA NGÄBE BUGLÉ,MIRONO,EL PIRO,,,,,,,442529.8308,909942.794399999,9c86c2c5-431a-4a3e-9b7d-e6f0c9f4493c
273,COMARCA NGÄBE BUGLÉ,MIRONO,EL PIRO No.2 (MUAKWATA KUBU),,,,,,,443547.9022,934116.694700001,a23ebfdc-22f4-4cf8-bad7-27826ea1515d
274,COMARCA NGÄBE BUGLÉ,MIRONO,GUAYABITO,,,,,,,447279.2266,944816.732899999,1a66b99c-d041-4bf1-8074-b8e0c16e4d19
275,COMARCA NGÄBE BUGLÉ,MIRONO,GUIBALE,,,,,,,460690.4217,940976.479599999,6e81808c-a5e5-4201-8abd-98ad2cd64008
276,COMARCA NGÄBE BUGLÉ,MÜNA,BISIRA (CABECERA),,,,,,,407225.4892,985905.905999999,394157ca-deb4-4f2b-9519-dc79dcc8c2c0
277,COMARCA NGÄBE BUGLÉ,MÜNA,CALANTE,,,,,,,402775.8109,970735.9822,2574d6d5-9223-4275-be95-fe9ef5576a2d
278,COMARCA NGÄBE BUGLÉ,MÜNA,GUORONI,,,,,,,412848.0461,965045.801000001,9bd73a78-b929-43c3-8333-bf81eba196e5
279,COMARCA NGÄBE BUGLÉ,MÜNA,KANKINTU,,,,,,,409122.75,976380.939099999,2e8a4076-aadf-422d-a8f9-ae109eafa5bd
280,COMARCA NGÄBE BUGLÉ,MÜNA,MUNUNI,,,,,,,425067.2977,955346.560900001,0f0e0f21-139d-4e5a-be3e-00d4cdb8222a
281,COMARCA NGÄBE BUGLÉ,MÜNA,PIEDRA ROJA,,,,,,,416844.8133,953343.5798,6b4e9265-236d-4c0c-926c-20eb641623f7
282,COMARCA NGÄBE BUGLÉ,MÜNA,TOLOTE,,,,,,,414158.3014,947044.0568,019e8dac-96cd-49f6-83b6-07f4dcea8344
283,COMARCA NGÄBE BUGLÉ,NOLE DUIMA,BAHIA AZUL,,,,,,,407276.8486,1002858.8322,1a8e74ec-6557-49b0-9409-1ea475356597
284,COMARCA NGÄBE BUGLÉ,NOLE DUIMA,CAÑAVERAL,1,0,1,0,0,0,420906.6635,976778.2359,74375c0e-930c-4b1f-9102-21e187613e48
285,COMARCA NGÄBE BUGLÉ,NOLE DUIMA,KUSAPIN (CABECERA),,,,,,,403393.9634,1012575.1861,6467d574-37dc-4c35-91b1-d9b5d223b71d
286,COMARCA NGÄBE BUGLÉ,NOLE DUIMA,RIO CHIRIQUI,,,,,,,432362.3812,969675.0867,a15850d7-9273-4901-b5e7-cde33fd3302a
287,COMARCA NGÄBE BUGLÉ,NOLE DUIMA,TOBOBE,,,,,,,415260.5192,997603.3281,c5527ac3-ab2f-4747-8255-3307cb6341c7
288,COMARCA NGÄBE BUGLÉ,ÑURUM,GUARIVIARA,,,,,,,393727.9923,968147.7709,dffa15bf-17ac-4e51-a2f0-db363c6ae978
289,COMARCA NGÄBE BUGLÉ,ÑURUM,MAN CREEK,,,,,,,381760.4634,979047.4607,50693af9-8820-4fca-9cd6-317e56237bc9
290,COMARCA NGÄBE BUGLÉ,ÑURUM,SAMBOA (CABECERA),,,,,,,384069.71,966465.178400001,06d4da16-5a31-411c-ad47-2f2ad1848e92
291,COMARCA NGÄBE BUGLÉ,ÑURUM,TUWAI,33,0,33,0,0,0,354761.3606,995207.244000001,5505de61-cae1-48a4-8904-c6ad3214da64
292,COMARCA NGÄBE BUGLÉ,SANTA CATALINA O CALOVÉBORA (BLEDESHIA),ALTO BILINGUE,,,,,,,469775.0552,957255.7401,d3ae9eab-31be-44c0-b4aa-fe8d83734333
293,COMARCA NGÄBE BUGLÉ,SANTA CATALINA O CALOVÉBORA (BLEDESHIA),CALOVEBORA O SANTA CATALINA,,,,,,,466781.6903,966044.593699999,c16c2776-1091-4e4b-a32e-6372d094bfd3
294,COMARCA NGÄBE BUGLÉ,SANTA CATALINA O CALOVÉBORA (BLEDESHIA),LOMA YUCA (LJUICHO),,,,,,,453860.1119,956351.9257,c39d4043-1618-497e-943f-df19062704ff
295,COMARCA NGÄBE BUGLÉ,SANTA CATALINA O CALOVÉBORA (BLEDESHIA),SAN PEDRITO,,,,,,,447713.5459,969124.5984,7674570c-da9f-4b71-861d-1efc73166837
296,COMARCA NGÄBE BUGLÉ,SANTA CATALINA O CALOVÉBORA (BLEDESHIA),VALLE BONITO (DOGATA),,,,,,,471912.265,947788.5998,38ffc63b-2723-443f-aa0a-25ad37f3524b
297,DARIEN,CHEPIGANA,AGUA FRIA,1,0,1,0,0,0,808421.6628,977800.7545,9eaa7bc2-d318-4aca-adba-bfcfd83fc4e0
298,DARIEN,CHEPIGANA,CAMOGANTI,,,,,,,846105.6027,892988.1252,e6c26e93-7950-4e37-8089-a591141ee9c3
299,DARIEN,CHEPIGANA,CHEPIGANA,,,,,,,828087.3393,896816.2037,fafd319c-3664-4225-a572-b1f01a57172c
300,DARIEN,CHEPIGANA,CUCUNATI,,,,,,,802985.2518,947315.0065,0cde27b5-8eff-4149-812e-606d572bb361
301,DARIEN,CHEPIGANA,GARACHINE,,,,,,,794087.7275,887582.9925,1c5a5d39-cb1e-4e33-8b46-69b563d823f7
302,DARIEN,CHEPIGANA,JAQUE,,,,,,,833661.872,826482.2579,ae4993ee-ec20-4f97-a382-b4184882386e
303,DARIEN,CHEPIGANA,LA PALMA (CABECERA),7,0,7,0,0,0,812788.659,915513.6271,0d4a1e6a-ee8b-4ac2-a03e-439c91eeab63
304,DARIEN,CHEPIGANA,PUERTO PIÑA,,,,,,,798792.7492,862719.461999999,45361987-7d11-4627-aa1c-6597ec02aa5c
305,DARIEN,CHEPIGANA,RIO CONGO,,,,,,,787906.6269,946304.534499999,bbe04657-744c-4400-9028-a46e01644a49
306,DARIEN,CHEPIGANA,RIO CONGO ARRIBA,,,,,,,786808.8591,968210.882999999,37e52716-f15e-4a7e-817a-85be97374e4d
307,DARIEN,CHEPIGANA,RIO IGLESIAS,,,,,,,832257.4618,926142.7127,237ade7a-f0d5-4a42-b7ad-807bbebfd126
308,DARIEN,CHEPIGANA,SAMBU,,,,,,,805910.1954,887680.093,197ba2f4-38bf-4c3d-95e9-6e74a218ce89
309,DARIEN,CHEPIGANA,SANTA FE,15,0,15,0,0,0,811394.5796,963386.5447,a89c49b9-6c8e-418a-a2b9-b77d75752dc4
310,DARIEN,CHEPIGANA,SETEGANTI,,,,,,,820795.7313,914728.939999999,6b5291d2-885e-4470-bc77-c1d84b9c654a
311,DARIEN,CHEPIGANA,TAIMATI,,,,,,,807487.4816,900428.971000001,08e17c6e-ab2b-4203-9ab9-749f20f55c9b
312,DARIEN,CHEPIGANA,TUCUTI,,,,,,,846559.3922,859425.429099999,8b25fb4c-e590-4d5d-8bee-1f2db1a05296
313,DARIEN,CHEPIGANA,ZAPALLAL,,,,,,,818437.6454,954935.190300001,76e51873-a0d0-4d75-93ab-d982525fb964
314,DARIEN,PINOGANA,BOCA DE CUPE,1,0,1,0,0,0,872333.3306,866277.472200001,42197c37-ffe4-42da-8f67-717ae958b612
315,DARIEN,PINOGANA,COMARCA KUNA DE WARGANDI,16,0,11,1,0,4,832372.8286,985695.2645,c7ed91ab-8a55-44ed-941b-5126d163af12
316,DARIEN,PINOGANA,EL REAL DE SANTA MARTA (CABECERA),,,,,,,859931.6464,892370.1348,a873ef71-521a-4e8d-954d-e56bf622eb7f
317,DARIEN,PINOGANA,METETI,89,1,36,0,1,51,838826.1539,949834.3376,fd20ea4b-e27b-4fd8-896e-e9fd522e422d
318,DARIEN,PINOGANA,PAYA,,,,,,,893394.6848,866721.866800001,b5c91d77-1c29-4312-9964-83d6799c2055
319,DARIEN,PINOGANA,PINOGANA,,,,,,,867489.9298,896736.9978,e60d993f-8194-46e1-8876-757d50ebba7d
320,DARIEN,PINOGANA,PUCURO,,,,,,,883494.4068,885301.759,f1599db2-c2cd-4cda-b428-52013edb6578
321,DARIEN,PINOGANA,YAPE,,,,,,,895852.7272,893882.306399999,62787740-78ce-43f1-b8a6-b775e8140724
322,DARIEN,PINOGANA,YAVIZA,47,0,38,0,0,9,857019.0896,908968.8872,3b37c7dc-4fa0-4221-ad6c-85c15b93377a
323,EMBERA WOUNAAN ,CIRILO EMBERA,JINGURUDO,,,,,,,823279.0614,859866.777000001,a1c09ad2-b0f7-4001-8267-de8c055c845f
324,EMBERA WOUNAAN ,CIRILO EMBERA,RIO SABALO,1,0,1,0,0,0,807610.7748,874613.729599999,bc3db5bc-7285-404b-96a3-789b014b3383
325,EMBERA WOUNAAN ,RIO SABALO EMBERA,CIRILO GUAINORA (CABECERA),,,,,,,887347.6499,902592.5417,deb5a46f-7768-4d11-a153-1c8ddeba57fb
326,EMBERA WOUNAAN ,RIO SABALO EMBERA,LAJAS BLANCAS,4,0,4,0,0,0,862130.8402,946106.484999999,4f4ffaf8-8360-4b92-b9e0-d62f269d6cff
327,EMBERA WOUNAAN ,RIO SABALO EMBERA,MANUEL ORTEGA,,,,,,,886155.7959,921536.081700001,d232a99b-9144-4fb6-b461-ff3f1eac945c
328,HERRERA,CHITRÉ,CHITRE (CABECERA),2,0,2,0,0,0,561863.7828,879143.475299999,5786e55b-b5e6-4442-81e1-dac9792ff88c
329,HERRERA,CHITRÉ,LA ARENA,2,1,1,0,0,0,557101.3825,880217.1776,89e11410-8a5a-4dd5-a111-8a5779e2b51c
330,HERRERA,CHITRÉ,LLANO BONITO,1,0,1,0,0,0,564797.2517,883263.7774,ab6f5789-0dda-4d85-a552-e9552bc5eb20
331,HERRERA,CHITRÉ,MONAGRILLO,2,0,1,0,0,1,560779.2645,884242.6589,3567e0cc-a024-4580-9443-1f746080473f
332,HERRERA,CHITRÉ,SAN JUAN BAUTISTA,2,0,2,0,0,0,564599.7088,880733.5897,aa3c5bf2-7c93-4edd-91f8-850f1ccd4116
333,HERRERA,LAS MINAS,CHEPO,,,,,,,519993.8037,847508.9771,1691091b-f024-4004-8321-9b3df5b87ae6
334,HERRERA,LAS MINAS,CHUMICAL,,,,,,,528939.9953,866342.310000001,1a110526-da31-4a0b-9b8e-74a951685911
335,HERRERA,LAS MINAS,EL TORO,,,,,,,512202.9679,856930.7798,c98ac7b4-fa6a-4ee0-a08d-fe98e0d6ed83
336,HERRERA,LAS MINAS,LAS MINAS (CABECERA),,,,,,,529649.6469,861285.151699999,e264ecc0-7f9d-422b-ab47-219c0635b05d
337,HERRERA,LAS MINAS,LEONES,2,1,0,0,1,0,521487.646,859845.2684,a619111d-10ee-4168-bbac-002a8cb1b707
338,HERRERA,LAS MINAS,QUEBRADA DEL ROSARIO,,,,,,,529664.8015,854654.440199999,b8b59642-1a78-41a1-9394-577e0270d93b
339,HERRERA,LAS MINAS,QUEBRADA EL CIPRIAN,,,,,,,526802.484,849441.268300001,40659860-78b0-4faa-84dd-58b486e67d13
340,HERRERA,LOS POZOS,CAPURI,,,,,,,538619.7785,854244.400800001,1eb4ba95-5122-4863-859c-ff7d906ce859
341,HERRERA,LOS POZOS,EL CALABACITO,,,,,,,544579.072,852531.3248,665e3b8d-4af0-4755-8d20-a760699101af
342,HERRERA,LOS POZOS,EL CEDRO,,,,,,,538703.6778,849553.283199999,2be8054b-fa5d-4658-97e5-ee773fb01211
343,HERRERA,LOS POZOS,LA ARENA,,,,,,,544921.05,856557.702400001,5ce115d1-3ae9-44a3-b154-250634e10255
344,HERRERA,LOS POZOS,LA PITALOZA,,,,,,,532968.4498,840236.312799999,ce574e7e-c11b-4167-86cc-42e8f48cad64
345,HERRERA,LOS POZOS,LAS LLANAS,,,,,,,529431.1503,843685.043199999,74e46646-7d1b-405f-a491-bf099c8e6cf9
346,HERRERA,LOS POZOS,LOS CERRITOS,,,,,,,542496.2435,861469.024700001,b871ecd3-355b-42b2-8f2c-319828682759
347,HERRERA,LOS POZOS,LOS CERROS DE PAJA,,,,,,,534080.2285,852271.8224,604bd175-c4fc-44f0-a471-afbfa84bb673
348,HERRERA,LOS POZOS,LOS POZOS (CABECERA),1,0,1,0,0,0,537623.3043,860772.5099,b980bb4a-1415-4ad2-9897-c9c8be154af5
349,HERRERA,OCÚ,CERRO LARGO,,,,,,,519899.7459,865613.721799999,4dafa3d3-5c19-4746-9f1a-c2f79d5a2449
350,HERRERA,OCÚ,EL TIJERA,,,,,,,508273.8394,866327.499600001,23883ab2-1fe2-40a2-b4d5-c01dc47cda86
351,HERRERA,OCÚ,ENTRADERO DEL CASTILLO,,,,,,,514660.438,867208.488,bfbab7fb-f969-4127-96c5-625f3462090a
352,HERRERA,OCÚ,LLANO GRANDE,,,,,,,533346.6656,881995.687100001,9295afd5-c50c-4026-8819-c8f9dbd059dc
353,HERRERA,OCÚ,LOS LLANOS,,,,,,,514147.6072,876287.6011,020cf0ee-958d-49ae-88f5-0641ee58e697
354,HERRERA,OCÚ,MENCHACA,,,,,,,525749.1225,871736.1471,7c3ceac9-147c-46bf-bc88-404f1dc3810c
355,HERRERA,OCÚ,OCU (CABECERA),1,0,1,0,0,0,523955.5054,879271.4345,34f3ad29-b487-4690-94f5-3b6649ef4c67
356,HERRERA,OCÚ,PEÑAS CHATAS,,,,,,,523014.4649,887988.195900001,ce55ab22-b41f-4174-9884-ffc68d26ca10
357,HERRERA,PARITA,CABUYA,,,,,,,538495.0001,887326.7071,a8cf515e-55e2-44c7-b426-12459fe97ae4
358,HERRERA,PARITA,LLANO DE LA CRUZ,,,,,,,540567.0833,880240.647500001,13771d12-6d3d-4806-92c9-f67173f6d9ce
359,HERRERA,PARITA,LOS CASTILLOS,,,,,,,542437.3801,882652.5593,b2acfd40-9208-49d8-beb5-6a325e0af316
360,HERRERA,PARITA,PARIS,1,0,0,0,0,1,549026.1037,892373.827500001,6bd2d6ea-097f-410c-a450-ac439e32a3de
361,HERRERA,PARITA,PARITA (CABECERA),,,,,,,553866.2388,886472.6447,88eef15a-1e5e-4227-8296-11d23387f8f5
362,HERRERA,PARITA,PORTOBELILLO,,,,,,,545800.2865,885462.5189,8db90c88-97e1-4a3e-a351-1165c7e22030
363,HERRERA,PARITA,POTUGA,1,0,0,1,0,0,537765.3877,892006.6927,e7f1309a-583c-4158-95b8-828d4d705aa8
364,HERRERA,PESÉ,EL BARRERO,2,0,2,0,0,0,550039.2438,876832.513499999,dddf2469-f49a-4723-81c8-7603924c52be
365,HERRERA,PESÉ,EL CIRUELO,1,0,1,0,0,0,533675.3776,872820.0327,f4bbd5dc-e0e9-461f-924c-0f145c24dd10
366,HERRERA,PESÉ,EL PAJARO,,,,,,,546080.6539,879001.203199999,e58b02f0-c749-4103-ac6d-33485581d6ca
367,HERRERA,PESÉ,EL PEDREGOSO,,,,,,,539740.6752,876584.360400001,375cf93a-23ad-4676-b524-013569f30848
368,HERRERA,PESÉ,LAS CABRAS,,,,,,,547701.986,871226.624399999,89229c79-6bad-4c29-8164-d703b90488bf
369,HERRERA,PESÉ,PESE (CABECERA),2,0,2,0,0,0,542635.9914,874963.9405,0446bd91-298e-4523-9b1f-56680f072104
370,HERRERA,PESÉ,RINCON HONDO,,,,,,,542631.8862,866485.880100001,8fc0f099-dce8-4a16-b577-3c32d07848b0
371,HERRERA,PESÉ,SABANAGRANDE,,,,,,,537924.6757,869648.7807,db06461c-335c-4cbe-a66e-e8cc65c5b189
372,HERRERA,SANTA MARÍA,CHUPAMPA,,,,,,,524194.5037,893370.8599,b7db83d4-4566-483e-99a2-393ce44957ce
373,HERRERA,SANTA MARÍA,EL LIMON,,,,,,,527706.7241,891301.7456,f3bca88a-f142-4dbd-abbe-dd8947e49fd6
374,HERRERA,SANTA MARÍA,EL RINCON,,,,,,,544136.2765,897173.1568,ef7c36c3-d531-4dd2-b6ac-97a503dd2e37
375,HERRERA,SANTA MARÍA,LOS CANELOS,1,0,1,0,0,0,530589.1622,896626.9703,d7e59d94-d4d0-4873-83f8-d85d99b961c8
376,HERRERA,SANTA MARÍA,SANTA MARIA (CABECERA),2,0,2,0,0,0,537406.8594,896294.030099999,1291e1db-2905-4713-b4f0-84fcfebd81e3
377,LOS SANTOS,GUARARÉ,EL ESPINAL,,,,,,,575218.7019,867838.3585,e6530ffd-df77-4612-b536-50b6a4c91f13
378,LOS SANTOS,GUARARÉ,EL HATO,,,,,,,568248.5212,859828.2413,12d93662-7a26-44fd-8731-ca54addda84d
379,LOS SANTOS,GUARARÉ,EL MACANO,,,,,,,565193.4951,849294.2125,40e88531-25b9-47a2-87bd-6015a2bb858a
380,LOS SANTOS,GUARARÉ,GUARARE (CABECERA),,,,,,,579366.4541,864074.780300001,7466bb17-e9ef-40f4-8b0d-7b882b260bcd
381,LOS SANTOS,GUARARÉ,GUARARE ARRIBA,,,,,,,571234.7705,862235.624700001,96576da1-b399-40fd-a976-64a70891b98d
382,LOS SANTOS,GUARARÉ,LA ENEA,,,,,,,580408.5682,866869.1655,dc3ee983-c0d9-4f3f-a084-a3262a9bb76f
383,LOS SANTOS,GUARARÉ,LA PASERA,,,,,,,575939.8673,862954.497099999,3410dcf5-af18-49e8-bb1c-fab7d2aa8d99
384,LOS SANTOS,GUARARÉ,LAS TRANCAS,,,,,,,567746.7725,854952.5638,b78f034f-3ccc-497b-8f62-61d1d8fe5129
385,LOS SANTOS,GUARARÉ,LLANO ABAJO,,,,,,,564367.2878,858554.2004,8a2e3b5a-4d4e-4fc9-b6c2-c51cd4a067ec
386,LOS SANTOS,GUARARÉ,PERALES,,,,,,,573208.893,859505.2381,60d08a0c-5fd2-4668-a9d2-c7eb2c208175
387,LOS SANTOS,LAS TABLAS,BAJO CORRAL,,,,,,,581542.9644,838520.8441,08107374-6b89-4fd6-b9e3-4fcc23888610
388,LOS SANTOS,LAS TABLAS,BAYANO,,,,,,,563660.5119,839839.4049,fb4c452f-f4c9-4271-acaa-4cb1089bfbad
389,LOS SANTOS,LAS TABLAS,EL CARATE,,,,,,,576275.0958,854518.3094,2b45acf4-6dfe-4809-bef8-218159c05f39
390,LOS SANTOS,LAS TABLAS,EL COCAL,,,,,,,579650.9677,855664.0317,7cc4acd5-3dfd-4cf1-8093-4ad0d2ced990
391,LOS SANTOS,LAS TABLAS,EL MANANTIAL,,,,,,,585530.0947,860946.366900001,1275813b-524e-44fc-97f3-699805767b5b
392,LOS SANTOS,LAS TABLAS,EL MUÑOZ,,,,,,,574895.144,848012.179500001,2e2b0dcb-8dad-42c6-8330-174d982abeb5
393,LOS SANTOS,LAS TABLAS,EL PEDREGOSO,,,,,,,574580.19,851842.8413,3f4f9ef2-52d1-4535-9b4b-70df847b252d
394,LOS SANTOS,LAS TABLAS,LA LAJA,,,,,,,582015.5254,854747.578,28ed3afc-2f49-418a-85ce-4f4331239fed
395,LOS SANTOS,LAS TABLAS,LA MIEL,,,,,,,573794.2215,836049.202199999,3bcdd17d-d12b-480c-af13-73fd95a5a3a4
396,LOS SANTOS,LAS TABLAS,LA PALMA,,,,,,,588816.9887,851603.2534,60e7cfb2-9aa7-4687-9cb4-ded9b547ff0d
397,LOS SANTOS,LAS TABLAS,LA TIZA,,,,,,,577958.8613,856977.634199999,f2d483ae-261f-49e8-a3ab-70f4e34ad7bd
398,LOS SANTOS,LAS TABLAS,LAS PALMITAS,,,,,,,576900.1005,858688.027100001,7e01dd36-6663-4f5c-8a49-35290f81b852
399,LOS SANTOS,LAS TABLAS,LAS TABLAS (CABECERA),,,,,,,579698.312,859408.599199999,ef473c22-7e36-40fb-8dc7-2704f6784329
400,LOS SANTOS,LAS TABLAS,LAS TABLAS ABAJO,,,,,,,582975.6119,863133.6523,81285b04-640d-4ea3-b163-ba4a4d24bfb8
401,LOS SANTOS,LAS TABLAS,NUARIO,,,,,,,577173.539,831270.108100001,82c3171b-bd63-4428-b958-b6112d0d82a7
402,LOS SANTOS,LAS TABLAS,PALMIRA,,,,,,,571504.0823,849203.6723,9fb5706e-6d04-4ab3-8149-e23ed6eb4c6c
403,LOS SANTOS,LAS TABLAS,PEÑA BLANCA,,,,,,,579939.5699,852905.2249,0eb5f61a-67ee-4495-a381-d90943d98e7c
404,LOS SANTOS,LAS TABLAS,RIO HONDO,,,,,,,571220.9482,852715.853,a227c098-6b3f-458b-92f6-b25926d30650
405,LOS SANTOS,LAS TABLAS,SAN JOSE,,,,,,,583634.5654,848958.5919,94030df4-8c5d-472a-8396-65c851f389d4
406,LOS SANTOS,LAS TABLAS,SAN MIGUEL,,,,,,,579713.6107,845313.794399999,66eb93b0-db9a-4db6-9543-ea671cbb7c61
407,LOS SANTOS,LAS TABLAS,SANTO DOMINGO,,,,,,,586724.5365,856443.3715,7d41c39e-91f7-423f-a0e2-7a7549951468
408,LOS SANTOS,LAS TABLAS,SESTEADERO,,,,,,,582097.7843,856370.1917,5a10278e-ddaa-4593-b8a9-1f1b4eab2d55
409,LOS SANTOS,LAS TABLAS,VALLE RICO,,,,,,,570473.3879,840945.9515,12e5a113-2385-4089-8134-7e025cf76441
410,LOS SANTOS,LAS TABLAS,VALLERRIQUITO,,,,,,,576372.9819,843130.5097,c0cfdab7-e24a-425f-8192-b361ac974dab
411,LOS SANTOS,LOS SANTOS,AGUA BUENA,,,,,,,566180.0976,864520.337200001,b7a62e07-5146-487e-988f-a613b53ebde4
412,LOS SANTOS,LOS SANTOS,EL EJIDO,1,0,1,0,0,0,568880.3746,874875.118000001,9bef69b0-7196-4aca-8f83-f5dcedcdcb5e
413,LOS SANTOS,LOS SANTOS,EL GUASIMO,,,,,,,552332.6515,865775.142200001,a01a1bfc-ec58-4dd3-9a7a-e894dbeb55a8
414,LOS SANTOS,LOS SANTOS,LA COLORADA,7,0,6,1,0,0,548741.6244,865823.0583,42fc0067-6e8b-40e6-a697-638dd0219cb2
415,LOS SANTOS,LOS SANTOS,LA ESPIGADILLA,,,,,,,566447.0508,871419.6678,4e5f9fd8-4567-48f4-a668-0c0e65d41cae
416,LOS SANTOS,LOS SANTOS,LA VILLA DE LOS SANTOS (CABECERA),2,0,2,0,0,0,560097.0514,873094.4377,5c178732-64df-4f9b-8eca-5d6621ef1b90
417,LOS SANTOS,LOS SANTOS,LAS CRUCES,,,,,,,561796.2294,862923.2849,9eb055c4-5eea-43c1-a91e-bb9a903a613b
418,LOS SANTOS,LOS SANTOS,LAS GUABAS,,,,,,,555568.1565,864550.1829,e5afb0ca-5a3c-4841-904d-de62986a566a
419,LOS SANTOS,LOS SANTOS,LLANO LARGO,,,,,,,563488.7608,874406.251900001,ed601f93-74ca-4fc7-abd3-5e6669daf3d0
420,LOS SANTOS,LOS SANTOS,LOS ANGELES,,,,,,,572247.5161,872091.6304,ba5d1e9f-da2b-4511-b8fc-7223542552f6
421,LOS SANTOS,LOS SANTOS,LOS OLIVOS,1,0,1,0,0,0,555285.8319,874594.6976,9e99e9e4-ff99-4ce9-ac2d-d6b10ae5e89e
422,LOS SANTOS,LOS SANTOS,SABANA GRANDE,2,0,2,0,0,0,570236.6173,866829.4517,3d22623a-202d-44d1-a660-79910bd58e30
423,LOS SANTOS,LOS SANTOS,SANTA ANA,,,,,,,570259.1611,879442.2193,133c9e4c-e86e-4bbe-994e-824429aa0df7
424,LOS SANTOS,LOS SANTOS,TRES QUEBRADAS,,,,,,,565239.1526,867956.1076,2026f56c-56fb-4f0c-b95a-c8e052b9ae4c
425,LOS SANTOS,LOS SANTOS,VILLA LOURDES,,,,,,,558578.4621,863547.011499999,c3e30a2d-a4b6-4e48-af4e-f3e25bdc50ee
426,LOS SANTOS,MACARACAS,BAHIA HONDA,,,,,,,560929.284,852749.317,6036b49c-5f4c-4578-bac7-f4ad9d1cb223
427,LOS SANTOS,MACARACAS,BAJOS DE GUERA,,,,,,,541452.2934,836913.8958,fbb9b6f9-13c8-4e55-9c77-5385b3af3b19
428,LOS SANTOS,MACARACAS,CHUPA,,,,,,,547567.6374,860525.024700001,86aba2d7-5dc2-4d2b-bca1-2ea6030f04d7
429,LOS SANTOS,MACARACAS,COROZAL,,,,,,,557760.4512,856433.465600001,9f411254-2488-4f51-af70-e60134841901
430,LOS SANTOS,MACARACAS,EL CEDRO,,,,,,,551927.406,859570.031099999,22dfd698-8cb7-45b1-b8d0-ed4bdfc4bf6d
431,LOS SANTOS,MACARACAS,ESPINO AMARILLO,,,,,,,559266.0011,849373.549000001,7a8f94c7-5e92-4ae0-96a0-843832a8fa3d
432,LOS SANTOS,MACARACAS,LA MESA,,,,,,,541917.4247,844204.307700001,b3eda01b-557c-4500-a5b3-2abc1f9c1acc
433,LOS SANTOS,MACARACAS,LAS PALMAS,,,,,,,554747.709,848473.819399999,ba37ccdf-880a-40fc-8dad-c42f132d99c1
434,LOS SANTOS,MACARACAS,LLANO DE PIEDRA,,,,,,,549636.7835,844161.339400001,1adca4ce-8c5c-4bf1-b1f3-87c53fa3888a
435,LOS SANTOS,MACARACAS,MACARACAS (CABECERA),3,0,3,0,0,0,551670.5566,854380.878900001,b989cb1a-df04-4043-89bf-acafdc24320a
436,LOS SANTOS,MACARACAS,MOGOLLON,,,,,,,557458.1056,841977.577099999,a06eeaf4-4959-4936-b25c-c808cb15c2bd
437,LOS SANTOS,PEDASÍ,LOS ASIENTOS,,,,,,,596915.1849,828645.0666,0089e8b4-6e24-4a6e-9805-3953b2efcbc2
438,LOS SANTOS,PEDASÍ,MARIABE,,,,,,,603932.5535,838431.442299999,72d75391-eaf3-4688-91c1-aace0261f6bc
439,LOS SANTOS,PEDASÍ,ORIA ARRIBA,,,,,,,589527.7169,826485.7817,996fec55-553d-49b8-946a-efa8b1ba673a
440,LOS SANTOS,PEDASÍ,PEDASI (CABECERA),,,,,,,604990.7886,829013.637,411886ec-2bf3-4c4a-a5f7-2e22043ade3e
441,LOS SANTOS,PEDASÍ,PURIO,,,,,,,600663.2301,839712.202,72021907-5f9e-4709-b533-3fec03ec8d38
442,LOS SANTOS,POCRÍ,EL CAÑAFISTULO,,,,,,,586850.0296,841275.6845,f4e3a3dd-bb09-4854-ae1e-8b2d30f99d6d
443,LOS SANTOS,POCRÍ,LAJAMINA,,,,,,,594908.8367,838047.781400001,8bad0f54-ee27-4523-baec-a609f61ba278
444,LOS SANTOS,POCRÍ,PARAISO,,,,,,,593077.5665,851089.9651,ac17c29e-8f55-490d-9505-f38e791ffb3f
445,LOS SANTOS,POCRÍ,PARITILLA,,,,,,,590346.7003,839780.8375,1f0958d6-e99d-49ac-8891-f14adf1e9668
446,LOS SANTOS,POCRÍ,POCRI (CABECERA),,,,,,,597656.3818,845579.548599999,6e3555e4-2285-49fb-a131-391e6c8fcb7e
447,LOS SANTOS,TONOSÍ,ALTOS DE GUERA,,,,,,,543161.7581,831592.1176,98c5aeed-34f0-4c46-a660-343b6c109566
448,LOS SANTOS,TONOSÍ,CAMBUTAL,,,,,,,548099.2948,805885.452299999,bc022629-d838-4152-aa55-9574100d4cb3
449,LOS SANTOS,TONOSÍ,CAÑAS,,,,,,,578694.9153,825179.595699999,885a4186-00b7-4fec-93a3-e95e7f545a86
450,LOS SANTOS,TONOSÍ,EL BEBEDERO,,,,,,,555508.8504,820624.0572,41f0d055-6a49-4f27-9bd7-6b3e4bb33d52
451,LOS SANTOS,TONOSÍ,EL CACAO,,,,,,,565658.1826,823431.9548,6c787558-3e52-4701-896e-9b8facb02dcf
452,LOS SANTOS,TONOSÍ,EL CORTEZO,,,,,,,537524.8265,822124.4691,e15d45e0-6fc6-4d53-a45f-a8e7bbcf9b14
453,LOS SANTOS,TONOSÍ,FLORES,,,,,,,562253.9925,830583.8073,fda02aa5-0702-434f-954b-09310fd57f4a
454,LOS SANTOS,TONOSÍ,GUANICO,,,,,,,555318.381,811098.7763,7cdff5fa-0d08-4250-9d57-4da016c9ecde
455,LOS SANTOS,TONOSÍ,ISLA DE CAÑAS,,,,,,,574134.7121,819875.639,401a86f6-fd8c-430e-9da4-e02e333ba210
456,LOS SANTOS,TONOSÍ,LA TRONOSA,,,,,,,547282.4815,824081.517000001,c5a6f84a-d4c2-4699-811c-02cd1b312e9b
457,LOS SANTOS,TONOSÍ,TONOSI (CABECERA),,,,,,,566209.7847,815327.5309,1e17f4a1-02fe-4898-a561-93fb61ae158d
458,PANAMÁ,BALBOA,LA ENSENADA,,,,,,,734395.1973,923642.264799999,ccab9907-9696-4b9a-bc97-dc2d30e34a84
459,PANAMÁ,BALBOA,LA ESMERALDA,,,,,,,729260.8837,917391.0134,8ec637ba-4277-4e9a-9bd8-dd2663691303
460,PANAMÁ,BALBOA,LA GUINEA,,,,,,,727352.9424,922801.9811,7c1cfb84-e38a-4ea9-acc3-5241245aa0b5
461,PANAMÁ,BALBOA,PEDRO GONZALEZ,,,,,,,708237.1934,917958.890000001,eb954d3c-f35f-4143-b0f1-9614b8d4a190
462,PANAMÁ,BALBOA,SABOGA,,,,,,,715182.8885,952628.5504,2950ed09-f6ff-4aa3-bafd-3399ae52aedf
463,PANAMÁ,BALBOA,SAN MIGUEL (CABECERA),,,,,,,728368.8448,932035.232999999,4b2ef2a6-e762-4bb0-aab9-7f55a15e0fbf
464,PANAMÁ,CHEPO,CAÑITA,3,0,1,0,0,2,738109.6677,1028702.2681,881b8360-4d88-4c10-b3f4-cbbaf0cd776b
465,PANAMÁ,CHEPO,CHEPILLO,,,,,,,705678.9036,989997.3243,63467bfd-0265-4dfc-b3ea-13b258d0a562
466,PANAMÁ,CHEPO,CHEPO (CABECERA),75,3,29,0,2,41,711387.2295,1011191.4503,76c31ce2-591b-495b-bf32-fc86a618b5f0
467,PANAMÁ,CHEPO,COMARCAL KUNA DE MADUNGANDI,,,,,,,783617.5876,1012071.6744,aeb7e2ea-3d1a-40a0-85f4-ab3bac04c5df
468,PANAMÁ,CHEPO,EL LLANO,1,0,0,0,0,1,730681.6711,1012190.2768,71a4fb43-b91d-4885-aa82-a19af441a815
469,PANAMÁ,CHEPO,LAS MARGARITAS,13,0,11,0,0,2,704906.3451,1025334.2609,66401a3f-d7ac-43c2-800e-9ffefbd2e2be
470,PANAMÁ,CHEPO,SANTA CRUZ DE CHININA,,,,,,,720678.5734,996581.286800001,cdd92339-fd5c-46e3-b2e5-447ac77c4045
471,PANAMÁ,CHEPO,TORTI,11,0,7,0,0,4,774570.0083,990084.1481,704b6c85-d8ea-4ebb-8674-03cc4e31a981
472,PANAMÁ,CHIMÁN,BRUJAS,,,,,,,775294.1066,949681.2163,d750fd01-9cdd-4bc9-8019-9cdcd27e20f9
473,PANAMÁ,CHIMÁN,CHIMAN (CABECERA),,,,,,,768889.6728,968695.359200001,6a56c73f-8dea-4618-9f15-1f822840a8df
474,PANAMÁ,CHIMÁN,GONZALO VASQUEZ,,,,,,,781775.6751,932276.937899999,55e4db03-8ed5-4c73-8a4e-214181ad9972
475,PANAMÁ,CHIMÁN,PASIGA,,,,,,,739201.0571,984653.061100001,01bb38a7-eb37-4201-bb5b-cba379e28d98
476,PANAMÁ,CHIMÁN,UNION SANTEÑA,,,,,,,754839.7854,977808.022,66b38439-134a-4a9a-9987-1b5a7658c700
477,PANAMÁ,PANAMÁ,BELLA VISTA,113,4,36,5,2,66,662110.7515,993500.6686,00d7f0b0-d327-4ac6-81c3-3960b350e7c1
478,PANAMÁ,PANAMÁ ,24 DE DICIEMBRE,289,12,104,12,2,159,677848.2105,1010937.1838,fd7be460-9d1f-44e5-aeb1-fe58bef0cfa0
479,PANAMÁ,PANAMÁ ,ALCALDE DIAZ,136,2,33,2,0,99,663645.9296,1009818.497,e7a4123d-3515-4e50-af8a-ddb3f81c8411
480,PANAMÁ,PANAMÁ ,ANCON,196,4,65,4,2,121,653049.7631,1002097.0323,fa0544ca-9eeb-4949-becb-58660367130e
481,PANAMÁ,PANAMÁ ,BETANIA,143,4,35,8,3,93,661825.2974,996522.4494,f1173711-8f2c-4455-9f33-c864e7e8075f
482,PANAMÁ,PANAMÁ ,CAIMITILLO,24,0,13,0,0,11,671155.5283,1031237.1747,4864b025-ad5a-4807-b71b-5aaa6876246f
483,PANAMÁ,PANAMÁ ,CALIDONIA,124,7,32,6,0,79,660973.9678,991699.0704,0fdcd0d1-42b7-4e42-83d9-f1b82c4903c6
484,PANAMÁ,PANAMÁ ,CHILIBRE,187,1,37,4,1,144,653387.7777,1012069.1234,894440be-8576-4306-b2c3-6834a08348de
485,PANAMÁ,PANAMÁ ,CURUNDU,218,12,99,3,7,97,660568.8792,992829.532,8adabda4-e618-4016-8eed-e77318f63463
486,PANAMÁ,PANAMÁ ,DON BOSCO,121,2,50,3,7,59,673910.2532,999289.208799999,6598a310-ce23-4c66-b4ab-2850bcb9c5d1
487,PANAMÁ,PANAMÁ ,EL CHORRILLO,149,5,69,4,2,69,659990.6617,989641.641100001,015d5155-63ba-4aad-9376-7f913ebd19a5
488,PANAMÁ,PANAMÁ ,ERNESTO CORDOBA CAMPOS,121,5,31,2,1,82,665645.2666,1006315.5387,21e72b69-82c8-4f99-b4a3-1f5865d9b3c0
489,PANAMÁ,PANAMÁ ,JUAN DIAZ,276,5,92,19,3,157,670142.3903,998893.9671,c321182d-3b2d-40ff-bd9a-88c5803df2ab
490,PANAMÁ,PANAMÁ ,LAS CUMBRES,125,2,34,4,0,85,658880.626,1005091.3246,dd7f32db-f714-4b27-8e6f-0e792860a1c6
491,PANAMÁ,PANAMÁ ,LAS GARZAS,43,1,21,0,0,21,695775.3177,1003103.5024,184a40b0-c2b6-4e0f-9a12-74408387ef34
492,PANAMÁ,PANAMÁ ,LAS MAÑANITAS,147,7,58,4,1,77,673842.1529,1007146.5126,731f769a-615a-41dc-9252-6221db6118be
493,PANAMÁ,PANAMÁ ,PACORA,226,7,74,3,1,141,683606.8485,1011925.6544,f25ffa86-b580-4e03-b8b8-e1db2115554e
494,PANAMÁ,PANAMÁ ,PARQUE LEFEVRE,116,2,21,8,2,83,666438.6872,996773.715299999,d56a9cd9-4a76-4087-8b1a-d5949724ff78
495,PANAMÁ,PANAMÁ ,PEDREGAL,240,9,111,4,2,114,671685.7507,1005905.9586,a92c17e0-f28f-4c0b-bc0f-7def0da2dadd
496,PANAMÁ,PANAMÁ ,PUEBLO NUEVO,58,1,10,1,0,46,663367.541,996485.6031,a4890308-7cec-4775-8b9b-c9831fc222e2
497,PANAMÁ,PANAMÁ ,RIO ABAJO,130,1,100,1,0,28,665570.9957,997845.6905,31c65d49-9fb0-4f4c-bbde-782bbabc9beb
498,PANAMÁ,PANAMÁ ,SAN FELIPE,13,1,8,0,0,4,661020.3877,989926.2897,d1a67370-56a3-4abb-b777-fcd516e2b1b9
499,PANAMÁ,PANAMÁ ,SAN FRANCISCO,245,2,66,6,1,170,663996.218,994168.6829,34f46b3b-6c59-4e1f-8f39-e39b2e90246a
500,PANAMÁ,PANAMÁ ,SAN MARTIN,67,1,46,0,0,20,691966.746,1019433.7064,d7adf032-a3ff-49f1-bdb1-e8d17b7882e7
501,PANAMÁ,PANAMÁ ,SANTA ANA,169,6,42,12,4,105,660356.2031,990345.221999999,d615e340-e03c-4249-9731-966ab56e61c1
502,PANAMÁ,PANAMÁ ,TOCUMEN,460,39,198,12,7,204,675787.1005,1006607.3077,70a68e23-7232-41d4-845b-b1b64ea4d85a
503,PANAMÁ,SAN MIGUELITO,AMELIA DENIS DE ICAZA,113,3,41,6,0,63,663296.9483,999734.064400001,3b2bfe86-b2be-4fe3-b1b7-11d99a2236e6
504,PANAMÁ,SAN MIGUELITO,ARNULFO ARIAS,105,3,60,2,0,40,666822.7202,1002446.4896,0147e890-87a4-438e-819f-e46c6e4b0ad3
505,PANAMÁ,SAN MIGUELITO,BELISARIO FRIAS,130,1,59,2,1,67,665877.4344,1003681.8134,11a80e02-a7c2-4f19-8556-a4247b16c98b
506,PANAMÁ,SAN MIGUELITO,BELISARIO PORRAS,187,2,86,4,1,94,664989.4547,1001143.7533,79d1f54f-bccc-46df-a08b-8fd2c430a132
507,PANAMÁ,SAN MIGUELITO,JOSE DOMINGO ESPINAR,105,3,29,5,0,68,667258.6347,1000608.3569,595eea17-6669-4c43-bee3-4926a520b684
508,PANAMÁ,SAN MIGUELITO,MATEO ITURRALDE,43,2,10,2,1,28,665285.5397,998931.238700001,e110818b-0719-4909-b161-938f5f94b55b
509,PANAMÁ,SAN MIGUELITO,OMAR TORRIJOS,96,3,35,4,2,52,662506.0713,1001800.3797,3777bd91-8b3e-49b0-98d3-1fc0f8180b7b
510,PANAMÁ,SAN MIGUELITO,RUFINA ALFARO,82,5,17,0,2,58,669511.2671,1002920.4016,6113b021-7f10-4f2c-98d5-47753bbdb487
511,PANAMÁ,SAN MIGUELITO,VICTORIANO LORENZO,45,1,9,2,0,33,664210.694,998676.948999999,dd19cab7-3de6-4e01-bb43-8ca40f510123
512,PANAMÁ,TABOGA,OTOQUE OCCIDENTE,,,,,,,653420.6091,951058.979,7be00d15-319e-4f5e-a625-9d87e26dd256
513,PANAMÁ,TABOGA,OTOQUE ORIENTE,,,,,,,654701.1257,949728.6403,3e5c8677-5468-4752-a197-6234c6c2fadb
514,PANAMÁ,TABOGA,TABOGA (CABECERA),,,,,,,659585.0209,972055.385600001,f978dc0e-7a44-4d5f-ae02-ed4d1b9997d6
515,PANAMÁ OESTE,ARRAIJÁN,ARRAIJAN (CABECERA),381,9,139,16,3,214,651300.5903,991149.8007,d1353c79-600b-4f22-b511-1a8bb0dc0bb4
516,PANAMÁ OESTE,ARRAIJÁN,BURUNGA,147,1,61,2,0,83,646775.4378,994548.544299999,0813006a-4a83-4e92-9934-7c6c22f629f1
517,PANAMÁ OESTE,ARRAIJÁN,CERRO SILVESTRE,67,1,19,2,0,45,645131.2467,987721.054,ab5290ec-8e98-4461-bd65-fc9381dd6f98
518,PANAMÁ OESTE,ARRAIJÁN,JUAN DEMOSTENES AROSEMENA,169,2,73,3,0,91,639388.2344,988515.745999999,bb6ae9c0-8ea5-4300-868c-59b3059cd823
519,PANAMÁ OESTE,ARRAIJÁN,NUEVO EMPERADOR,29,0,23,1,1,4,641374.6981,999386.064200001,0b80dc8f-de28-4282-bc6d-556b1537ad77
520,PANAMÁ OESTE,ARRAIJÁN,SANTA CLARA,4,0,3,0,0,1,636481.416,1002958.8889,d9ec0320-413c-4747-b7fa-22f42eecf541
521,PANAMÁ OESTE,ARRAIJÁN,VERACRUZ,241,9,79,16,6,131,653569.9376,986046.767999999,90fa2046-b068-4d66-b752-12cc038d4e69
522,PANAMÁ OESTE,ARRAIJÁN,VISTA ALEGRE,253,6,92,8,5,142,643899.466,984247.749500001,6ad6238e-0250-4c53-a7b9-35ecd2ccf646
523,PANAMÁ OESTE,CAPIRA,CAIMITO,2,1,1,0,0,0,613974.2636,973907.317600001,9c0e70ed-ff3b-4208-b4ea-e6f840b9cb78
524,PANAMÁ OESTE,CAPIRA,CAMPANA,4,0,4,0,0,0,624229.9151,961015.2402,f032129c-db00-4a7e-84eb-af24094fe594
525,PANAMÁ OESTE,CAPIRA,CAPIRA (CABECERA),14,0,5,1,0,8,627145.4421,968944.5428,2bb8a8f7-e4f7-4b80-ade6-944990ce5e48
526,PANAMÁ OESTE,CAPIRA,CERMEÑO,1,0,1,0,0,0,632274.4886,964616.796700001,31dda50d-612b-49b8-9bc9-7b21b71ffde7
527,PANAMÁ OESTE,CAPIRA,CIRI DE  LOS SOTOS,,,,,,,598648.839,987549.739600001,d0472ce5-7ef7-4cf6-8d3e-986bf7a28f52
528,PANAMÁ OESTE,CAPIRA,CIRI GRANDE,,,,,,,600037.6319,970226.692600001,5eb04deb-9a2a-498f-8659-3480bc1a14a5
529,PANAMÁ OESTE,CAPIRA,EL CACAO,,,,,,,607056.0189,966762.998299999,8dcda213-a056-4854-b98e-e76a464c3538
530,PANAMÁ OESTE,CAPIRA,LA TRINIDAD,,,,,,,608455.7578,985245.3511,d1e6ef07-1a6c-4cd7-9808-9451c4600480
531,PANAMÁ OESTE,CAPIRA,LAS OLLAS ARRIBA,4,0,3,0,0,1,620341.0803,972642.2161,69ee8aec-e253-4bb8-9a1d-acc25b895e81
532,PANAMÁ OESTE,CAPIRA,LIDICE,13,0,9,1,0,3,617325.8579,967356.167400001,cd249e29-ab83-491b-915e-dcc06b291bd6
533,PANAMÁ OESTE,CAPIRA,SANTA ROSA,,,,,,,597710.0219,979504.6263,b3c5e974-00f5-4b16-8378-92385b523c99
534,PANAMÁ OESTE,CAPIRA,VILLA CARMEN,,,,,,,624386.2725,973398.821900001,7c5d66ca-d371-49c2-bedc-9999d99cc40a
535,PANAMÁ OESTE,CAPIRA,VILLA ROSARIO,9,0,7,0,0,2,625343.3832,971984.6294,66dfd657-afde-459c-b52d-a0d232985402
536,PANAMÁ OESTE,CHAME,BEJUCO,1,0,0,0,0,1,622308.2343,953356.0677,b46b211c-6334-4a28-9725-03f17520327f
537,PANAMÁ OESTE,CHAME,BUENOS AIRES,,,,,,,615426.6872,955318.922700001,5e88e04d-41af-4426-bd5c-35cde50386ce
538,PANAMÁ OESTE,CHAME,CABUYA,,,,,,,614885.0064,948629.2753,189bd369-0520-43b2-a759-4f8d7b5c2621
539,PANAMÁ OESTE,CHAME,CHAME (CABECERA),2,0,2,0,0,0,626406.4833,949052.2116,0fbe90d4-9419-411f-beee-024e2856ccf6
540,PANAMÁ OESTE,CHAME,CHICA,,,,,,,616357.9941,958799.658399999,511071ed-de72-451f-8c68-d59ab39d98d3
541,PANAMÁ OESTE,CHAME,EL LIBANO,,,,,,,630999.1173,951820.722200001,e1a2bfe1-9de9-4741-a4ee-0c1b3d60abfc
542,PANAMÁ OESTE,CHAME,LAS LAJAS,1,0,1,0,0,0,619675.798,944570.547900001,b0e3108b-f320-4830-8510-a1e450321645
543,PANAMÁ OESTE,CHAME,NUEVA GORGONA,2,0,2,0,0,0,623457.6817,946193.001,855c0d64-84d8-4a79-9c84-6a528eb77cc1
544,PANAMÁ OESTE,CHAME,PUNTA CHAME,3,0,2,0,0,1,636120.2119,951151.1646,78c402f0-30b6-47ec-bc5f-4bd2d072b7e2
545,PANAMÁ OESTE,CHAME,SAJALICES,1,0,1,0,0,0,623579.7363,958440.0593,a01f1e46-0455-4b86-b41f-4008bb40757f
546,PANAMÁ OESTE,CHAME,SORA,,,,,,,608923.3656,956826.4969,c38e289d-0857-4f72-8d06-49d1abf614ac
547,PANAMÁ OESTE,LA CHORRERA,AMADOR,1,0,0,0,0,1,622242.824,1005668.6144,a15df2d2-ccff-4f32-8a2a-1e04500d646d
548,PANAMÁ OESTE,LA CHORRERA,AROSEMENA,1,0,1,0,0,0,614616.3116,990159.969699999,79aed988-e4c7-4b8b-bd05-d48e51efea1b
549,PANAMÁ OESTE,LA CHORRERA,BARRIO BALBOA,38,1,33,1,0,3,632929.7876,981650.2731,243e6088-f30c-451c-aee1-f0bd8f1f86ff
550,PANAMÁ OESTE,LA CHORRERA,BARRIO COLON,80,2,24,3,0,51,635780.2466,983380.5261,0cd40cb8-aff2-4f65-9617-732dfe05d4b9
551,PANAMÁ OESTE,LA CHORRERA,EL ARADO,4,0,4,0,0,0,633947.8703,993981.696799999,76100d76-e1dd-4f70-982d-d7fd3a66c0a0
552,PANAMÁ OESTE,LA CHORRERA,EL COCO,29,0,25,0,0,4,629329.818,982167.807,e747bb54-6752-40c1-870b-8fb9e07008e2
553,PANAMÁ OESTE,LA CHORRERA,FEULLIET,3,0,2,0,0,1,624367.2481,977126.6938,4de4efd1-1cc2-4ac5-96c7-cf7c5f80e8ce
554,PANAMÁ OESTE,LA CHORRERA,GUADALUPE,109,3,38,2,0,66,628917.7413,979096.691,b5837367-b28f-45b2-90e0-4fcdd629bb28
555,PANAMÁ OESTE,LA CHORRERA,HERRERA,71,0,67,1,0,3,627437.963,989091.581599999,d6d46b25-5b29-4fee-be91-deaad557d2dc
556,PANAMÁ OESTE,LA CHORRERA,HURTADO,,,,,,,621932.9536,985098.0798,321eb589-fd59-40ca-addf-73667f237df9
557,PANAMÁ OESTE,LA CHORRERA,ITURRALDE,,,,,,,617600.3874,994969.6731,a09f689d-3b52-429f-9795-59eeabf940ee
558,PANAMÁ OESTE,LA CHORRERA,LA REPRESA,2,0,2,0,0,0,630271.8465,997079.7651,e80e5640-2af8-49fa-aac3-80f960011938
559,PANAMÁ OESTE,LA CHORRERA,LOS DIAZ,2,0,1,0,0,1,618474.7944,977990.0427,35026579-78aa-46ee-9050-0737a9495a5f
560,PANAMÁ OESTE,LA CHORRERA,MENDOZA,4,0,3,0,0,1,625859.2382,999673.605799999,e55251ea-ecff-4afd-9d4d-d67219f184af
561,PANAMÁ OESTE,LA CHORRERA,OBALDIA,4,0,4,0,0,0,614238.3339,982205.806299999,0f6167cc-ff91-4f30-a109-dde60126ab3b
562,PANAMÁ OESTE,LA CHORRERA,PLAYA LEONA,53,1,13,2,0,37,633119.4987,975480.0244,1ed06daf-b6c6-4866-b5be-7e009e614754
563,PANAMÁ OESTE,LA CHORRERA,PUERTO CAIMITO,96,0,38,1,1,56,638803.1836,981166.4274,9712335b-fe6d-4ed5-8b45-382bf45d5f8c
564,PANAMÁ OESTE,LA CHORRERA,SANTA RITA,4,0,3,0,0,1,620730.5864,981309.404200001,7b4d3e4e-e841-4205-aa52-cbeae00ee20c
565,PANAMÁ OESTE,SAN CARLOS,EL ESPINO,,,,,,,607430.7952,940854.923800001,b5773c84-a476-4b58-9c8d-2aabba0d4cb7
566,PANAMÁ OESTE,SAN CARLOS,EL HIGO,2,0,2,0,0,0,605692.7137,935996.1845,5ee5fda8-7117-4a79-ab61-d8636593e663
567,PANAMÁ OESTE,SAN CARLOS,GUAYABITO,,,,,,,610013.8932,944783.7643,6f134503-53ec-497d-a83a-55c6c9be6f08
568,PANAMÁ OESTE,SAN CARLOS,LA ERMITA,,,,,,,602147.8694,936805.317600001,938f5a30-d88a-4a3c-b0e2-266df330a839
569,PANAMÁ OESTE,SAN CARLOS,LA LAGUNA,1,0,0,0,0,1,605271.1936,951594.6688,cfa0fb65-ba6b-43f6-9ae4-39afd2de6100
570,PANAMÁ OESTE,SAN CARLOS,LAS UVAS,,,,,,,610687.7686,936170.368000001,f3bf23bc-8f27-401e-9d82-50e03e501ce1
571,PANAMÁ OESTE,SAN CARLOS,LOS LLANITOS,,,,,,,601335.4044,947782.7369,d87e0bf8-e1d5-4e57-abfc-14ec6f89c7a2
572,PANAMÁ OESTE,SAN CARLOS,SAN CARLOS (CABECERA),1,0,1,0,0,0,614186.4139,938859.1435,f557062d-9464-4a56-9e7e-30b512d3bca8
573,PANAMÁ OESTE,SAN CARLOS,SAN JOSE,,,,,,,616389.8722,943385.9178,1d74c613-2216-4ba2-9c2b-d38919acc2fa
574,VERAGUAS,ATALAYA,ATALAYA (CABECERA),21,0,10,0,0,11,507568.0153,888290.5637,5b9e27e0-e72e-4a18-b2f6-ef184ba44a9d
575,VERAGUAS,ATALAYA,EL BARRITO,,,,,,,506442.1531,882271.667099999,7dfd1ec9-4b04-4b75-8cd6-0f81f40e8210
576,VERAGUAS,ATALAYA,LA CARRILLO,,,,,,,511214.8175,882815.6896,f242aad6-1c85-45e4-a1b9-f8e594b85be8
577,VERAGUAS,ATALAYA,LA MONTAÑUELA,,,,,,,514493.2712,887033.005000001,6957edc6-488a-4ba5-8cba-07ebb852cfed
578,VERAGUAS,ATALAYA,SAN ANTONIO,16,0,2,0,0,14,510674.0982,892160.781099999,0467340f-d321-46be-945b-29af6f4d4a79
579,VERAGUAS,CALOBRE,BARNIZAL,,,,,,,525455.3457,929397.2766,79091e12-ae3c-4e8c-aadb-e0769a9c702a
580,VERAGUAS,CALOBRE,CALOBRE (CABECERA),,,,,,,519406.9834,917269.154200001,0ce45c00-a423-482d-9792-b955cd352ee9
581,VERAGUAS,CALOBRE,CHITRA,,,,,,,511288.6825,941626.3915,1d37eb4d-f6e8-4f16-b704-acb71c1c9c24
582,VERAGUAS,CALOBRE,EL COCLA,,,,,,,510847.2212,920906.812200001,a5dd9daa-da0e-4232-9e36-c9226e7d1e26
583,VERAGUAS,CALOBRE,EL POTRERO,,,,,,,521152.1917,926843.842499999,bec3c14f-f2ff-4cf4-b954-b16ebfb713fd
584,VERAGUAS,CALOBRE,LA LAGUNA,,,,,,,527467.1395,921260.046599999,1e41dcf4-0dd3-489f-a0fc-55d1f2336d3a
585,VERAGUAS,CALOBRE,LA RAYA DE CALOBRE,,,,,,,520796.2353,909204.41,bc60820c-041b-42fe-b3e2-20ff9a350f81
586,VERAGUAS,CALOBRE,LA TETILLA,,,,,,,513722.4477,912625.480599999,d8887bbc-90ca-4794-be74-6a96cea20940
587,VERAGUAS,CALOBRE,LA YEGUADA,,,,,,,514956.4055,934384.498500001,b55afe67-808e-41d5-8393-9bbebfe03964
588,VERAGUAS,CALOBRE,LAS GUIAS,,,,,,,526706.5748,910660.571799999,287fa527-e926-42c9-bce5-cfdd90495435
589,VERAGUAS,CALOBRE,MONJARAS,,,,,,,515675.0388,926476.0342,c8b1b1e2-7c69-4d36-8315-57134261c016
590,VERAGUAS,CALOBRE,SAN JOSE,,,,,,,523008.8038,935083.128599999,1529a1d3-5b75-4266-a519-47dcd2e29566
591,VERAGUAS,CAÑAZAS,CAÑAZAS (CABECERA),4,0,4,0,0,0,475475.7186,919308.695800001,94dffe8f-47ea-48ff-836f-300354bc1051
592,VERAGUAS,CAÑAZAS,CERRO PLATA,,,,,,,460894.2811,915920.8419,3206c5cf-89cd-4efd-91ea-a525cb500190
593,VERAGUAS,CAÑAZAS,EL AROMILLO,,,,,,,483459.3391,923717.341600001,5e9beb4d-c11a-4d96-a82e-2b6c9383004d
594,VERAGUAS,CAÑAZAS,EL PICADOR,,,,,,,467981.9085,930981.850099999,4b4e9629-bad3-4b4d-97a7-dd944dee46ff
595,VERAGUAS,CAÑAZAS,LAS CRUCES,,,,,,,465540.7213,922527.4747,7a749f01-68a0-4a41-89ce-8e1162ae312d
596,VERAGUAS,CAÑAZAS,LOS VALLES,,,,,,,477133.394,931489.8596,a2ff48f1-dad4-4549-93f2-f33cb381ffcc
597,VERAGUAS,CAÑAZAS,SAN JOSE,,,,,,,453293.4457,925145.712300001,205d4032-61cf-4485-96d9-48c3214384cd
598,VERAGUAS,CAÑAZAS,SAN MARCELO,,,,,,,482889.7566,914890.1362,a0916d21-8691-496c-9f8c-689c82dae5da
599,VERAGUAS,LA MESA,BISVALLES,,,,,,,475434.2623,907884.741599999,887e998c-1e50-4eed-830c-8c8bb78bd825
600,VERAGUAS,LA MESA,BORO,,,,,,,466172.9872,902750.945599999,5fad5ca0-2792-4d31-942c-80c40a978297
601,VERAGUAS,LA MESA,EL HIGO,,,,,,,461740.5183,908779.7577,7e8da0cf-fcc8-49ab-aa72-a6d6f840e0d2
602,VERAGUAS,LA MESA,LA MESA (CABECERA),8,0,7,0,0,1,479303.0128,900251.5075,e1ff4629-9efb-4a8a-8bfd-aa6f39f82158
603,VERAGUAS,LA MESA,LLANO GRANDE,,,,,,,484408.2655,894285.2269,42e759a0-3841-49b1-9695-b5854d14db57
604,VERAGUAS,LA MESA,LOS MILAGROS,2,0,2,0,0,0,487647.9683,901893.2842,72d5823f-bc4e-4ce1-aaa3-15ed9521fcb5
605,VERAGUAS,LA MESA,SAN BARTOLO,,,,,,,468807.2524,908975.918,38d0242e-3974-4440-9efd-9e0331bf6e45
606,VERAGUAS,LAS PALMAS,CERRO DE CASA,,,,,,,436864.9497,897510.641100001,e820129a-a6a0-4370-910c-b4f08b4c3391
607,VERAGUAS,LAS PALMAS,COROZAL,,,,,,,454015.6839,892715.901900001,06ab6ba9-834f-4c85-a9c6-8e45f03b1fc0
608,VERAGUAS,LAS PALMAS,EL MARIA,,,,,,,449444.3159,884263.204,aec1109d-01ea-4c1f-be66-2afcbfeec97e
609,VERAGUAS,LAS PALMAS,EL PRADO,,,,,,,446305.6426,909306.877499999,167f0417-33fa-441e-b236-9e17b34bfa84
610,VERAGUAS,LAS PALMAS,EL RINCON,,,,,,,454421.8552,908779.8651,9205c82d-9eea-4df9-8279-a0c565b719b7
611,VERAGUAS,LAS PALMAS,LAS PALMAS (CABECERA),1,0,1,0,0,0,449589.9542,899154.6741,87009f7a-9201-4905-959e-1ff3e714ff75
612,VERAGUAS,LAS PALMAS,LOLA,,,,,,,445972.5047,894285.353,e1ebe3e9-d458-4661-8878-9258dddb936a
613,VERAGUAS,LAS PALMAS,MANUEL E. AMADOR TERRERO,,,,,,,453381.8859,902089.513499999,1294a96b-804f-4781-b7de-43576f80c4a5
614,VERAGUAS,LAS PALMAS,PIXVAE,,,,,,,436124.4096,871260.918400001,29815aee-2241-4974-8f45-531b01babf3d
615,VERAGUAS,LAS PALMAS,PUERTO VIDAL,,,,,,,434220.4775,887764.051899999,4b6fe589-850b-4993-96af-4c23c045045c
616,VERAGUAS,SANTIAGO,SAN MARTIN DE PORRES,41,1,35,0,3,2,440878.1689,906333.5381,86c10508-3757-4483-adb9-007fb4f558fd
617,VERAGUAS,LAS PALMAS,VIGUI,,,,,,,444901.0666,921649.313200001,6f8914a9-9052-481d-8792-945d2a5966ed
618,VERAGUAS,LAS PALMAS,ZAPOTILLO,,,,,,,441034.2836,880829.112400001,2bee6fdd-ba62-4b4e-a447-5bc8b43f94e2
619,VERAGUAS,MARIATO,ARENAS,,,,,,,525094.4582,814652.3577,af4330f6-c9ab-455f-9afe-bdb7b8151a14
620,VERAGUAS,MARIATO,EL CACAO,,,,,,,523859.7642,804139.407400001,c6378776-e935-4696-b253-9d55eadc6042
621,VERAGUAS,MARIATO,LLANO DE CATIVAL O MARIATO (CABECERA),,,,,,,508624.4287,841468.7261,78a62962-a9b7-415e-8cb5-6399e5e69afc
622,VERAGUAS,MARIATO,QUEBRO,,,,,,,519244.386,827292.687200001,48cffa66-0032-4eaf-bc48-72e17622af1f
623,VERAGUAS,MARIATO,TEBARIO,2,1,1,0,0,0,503520.5358,852883.910700001,feae0de2-0577-49f9-996d-0e8d16047ce3
624,VERAGUAS,MONTIJO,CEBACO,,,,,,,484298.1003,833248.955399999,8dff04b8-90b1-4e43-af30-e2b03667bcb3
625,VERAGUAS,MONTIJO,COSTA HERMOSA,3,0,3,0,0,0,493492.3054,877388.385,179b5c1e-5c8e-4a34-bf01-cc521d7e15ec
626,VERAGUAS,MONTIJO,GOBERNADORA,,,,,,,417152.0495,825173.986,2cb1984f-b14f-49bf-842b-6662fbc5d3fc
627,VERAGUAS,MONTIJO,LA GARCEANA,,,,,,,496313.5008,875936.684699999,aedc8621-339b-4697-b044-26e8c2bbf60a
628,VERAGUAS,MONTIJO,LEONES,,,,,,,487635.3913,857854.906300001,1f3177d2-31d6-4e9c-b987-cba5c977d7f8
629,VERAGUAS,MONTIJO,MONTIJO (CABECERA),1,0,0,0,0,1,494663.0914,883438.964400001,1fd7075a-e95d-420c-be2e-03e177852b22
630,VERAGUAS,MONTIJO,PILON,,,,,,,489788.3791,880143.7481,98a9eda1-8ed9-4256-9a72-d9e3627f1e63
631,VERAGUAS,MONTIJO,UNION DEL NORTE,,,,,,,491484.3414,886925.2985,b6199633-6158-48c5-9f65-635dcf1c52cd
632,VERAGUAS,RÍO DE JESÚS,CATORCE DE NOVIEMBRE,,,,,,,487644.6991,877288.0515,012c09b3-d31f-45d6-98e8-c72f65c22f53
633,VERAGUAS,RÍO DE JESÚS,LAS HUACAS,,,,,,,483079.837,872010.3796,841b6e1b-facc-4c0a-bc0b-53a1a46b5973
634,VERAGUAS,RÍO DE JESÚS,LOS CASTILLOS,,,,,,,487449.7711,887515.662,a773d350-ce00-415b-806f-e3f1fb41e4c9
635,VERAGUAS,RÍO DE JESÚS,RIO DE JESUS (CABECERA),1,0,0,0,0,1,481817.0134,883967.146500001,d7153abc-baf0-4675-bd39-41de2fd5ae3c
636,VERAGUAS,RÍO DE JESÚS,UTIRA,,,,,,,476200.9871,881089.974099999,3b662dd2-14e5-44ad-aecf-8411db81d7b0
637,VERAGUAS,SAN FRANCISCO,CORRAL FALSO,,,,,,,512800.8881,908114.5305,14d62e5f-1eea-49b7-9ffd-351ec8fa7c45
638,VERAGUAS,SAN FRANCISCO,LOS HATILLOS,,,,,,,503766.8396,921558.7458,4f75a3b5-4547-4adf-810c-e91e47214a32
639,VERAGUAS,SAN FRANCISCO,REMANCE,,,,,,,491482.5965,915534.6249,80af8c2d-5c5b-4193-8a93-3d817ddb9e4d
640,VERAGUAS,SAN FRANCISCO,SAN FRANCISCO (CABECERA),5,0,2,0,0,3,502810.081,911045.1918,28d3d40b-6ced-4f7a-836f-2db9f70a9f9c
641,VERAGUAS,SAN FRANCISCO,SAN JOSE,,,,,,,493532.5348,924361.6678,e31e349c-f5ab-48f7-be25-0cd4d5ccb858
642,VERAGUAS,SAN FRANCISCO,SAN JUAN,,,,,,,496252.1957,917194.638,9ee8970a-6376-4ec0-b497-20403ddfc847
643,VERAGUAS,SANTA FE,EL ALTO,,,,,,,496899.9107,944609.896,ae8262ff-3d65-47fb-907c-6fd69c1e7054
644,VERAGUAS,SANTA FE,EL CUAY,,,,,,,487937.3503,933155.295499999,3a964498-7c26-4878-afb8-39f71b12e405
645,VERAGUAS,SANTA FE,EL PANTANO,,,,,,,492006.8345,947708.363700001,eac72ee5-63aa-4b61-9d7f-77f4c80f8133
646,VERAGUAS,SANTA FE,GATU O GATUCITO,,,,,,,504496.3667,944465.249500001,05af1952-055d-416a-8841-26d337dc690c
647,VERAGUAS,SANTA FE,RIO LUIS,,,,,,,483594.774,956128.317,5a6a81f7-8e55-43ff-9dbf-6e7d5a6d76b8
648,VERAGUAS,SANTA FE,RUBEN CANTU,,,,,,,502448.0716,934231.9483,89780ca7-3b22-4048-b1b3-3e442e20b74f
649,VERAGUAS,SANTA FE,SANTA CATALINA O CALOVEBORA,,,,,,,507059.0472,963358.006999999,081df885-5316-43ce-bf95-3703558c8b51
650,VERAGUAS,SANTA FE,SANTA FE (CABECERA),1,0,1,0,0,0,490544.4572,939032.636700001,7128e6de-2404-4abf-bd63-9009e4aca0d9
651,VERAGUAS,SANTIAGO,CANTO DEL LLANO,20,0,11,0,0,9,504965.8939,903686.4264,51bda26b-442f-4137-9521-c76516f06a07
652,VERAGUAS,SANTIAGO,CARLOS SANTANA AVILA,,,,,,,517815.9901,895477.4572,fe29f058-c8b6-4102-9c12-64044b34b54d
653,VERAGUAS,SANTIAGO,EDWIN FABREGA,5,0,1,0,0,4,498104.9155,890027.750600001,b93c6d22-0172-485e-b5a2-0f8fce3c2a8d
654,VERAGUAS,SANTIAGO,LA COLORADA,6,0,5,0,0,1,501219.1896,883422.7423,cdf59b24-cd37-4066-ae53-9e656b7c7a25
655,VERAGUAS,SANTIAGO,LA PEÑA,6,0,5,0,0,1,492938.69,905226.175799999,78315e1e-2f42-4d0f-8ead-138ec95b0564
656,VERAGUAS,SANTIAGO,LA RAYA DE SANTA MARIA,,,,,,,520815.8989,900871.3828,bcc2d3de-6f45-4826-be2d-c235df39233e
657,VERAGUAS,SANTIAGO,LOS ALGARROBOS,20,0,11,0,0,9,494389.2212,894294.5319,fa79bfa9-799b-4958-9209-0a83d8fb3c0d
658,VERAGUAS,SANTIAGO,NUEVO SANTIAGO,8,0,8,0,0,0,507509.1842,895660.3332,4d271814-4f09-4c8e-9eec-4bd9cf27516c
659,VERAGUAS,SANTIAGO,PONUGA,5,0,4,0,0,1,500761.4606,872855.181500001,6a10efc0-9189-4268-95f4-9b29cf820cf8
660,VERAGUAS,SANTIAGO,RODRIGO LUQUE,42,0,31,0,1,10,500876.5178,900223.389900001,f8c8ee6c-edc5-4bba-b2a9-3eb1428df838
661,VERAGUAS,SANTIAGO,SAN PEDRO DEL ESPINO,93,2,40,2,1,48,491412.9374,899456.264599999,df67c94c-eb75-4a79-b5ba-d69b9b4b223e
662,VERAGUAS,SANTIAGO,SANTIAGO (CABECERA),42,1,19,0,3,19,502864.5029,893377.0032,d85e9917-2211-457f-a6c8-fb14cb99e457
663,VERAGUAS,SANTIAGO,SANTIAGO ESTE,,,,,,,528640.2678,901938.2958,fe448e7f-66a1-498c-bb25-dc4a301836c6
664,VERAGUAS,SANTIAGO,SANTIGO SUR,,,,,,,498311.6139,861532.3466,4a9c26fd-9be9-4d10-976e-de124738b7e2
665,VERAGUAS,SANTIAGO,URRACA,,,,,,,511181.9516,901441.2235,1ff31af4-7d9e-44c3-a269-91765efcf3b5
666,VERAGUAS,SONÁ,BAHIA HONDA,1,0,1,0,0,0,444269.1154,858648.551999999,c92c45c3-cdaa-4798-a966-a322f3d32978
667,VERAGUAS,SONÁ,CALIDONIA,,,,,,,451845.5182,874559.586300001,7f073085-8bae-48a5-bc8c-e645eb64e375
668,VERAGUAS,SONÁ,CATIVA,,,,,,,455628.6181,868076.35,90668cf3-85bd-48f1-a7c7-1516f2cdb302
669,VERAGUAS,SONÁ,EL MARAÑON,,,,,,,471965.411,886139.1339,11f6d4e1-9b7b-4910-845a-a9b1a563fb2e
670,VERAGUAS,SONÁ,GUARUMAL,1,0,1,0,0,0,475099.5854,864735.1867,d4fa27bb-7e55-4be3-927d-f64b260f98bd
671,VERAGUAS,SONÁ,HICACO,1,0,0,1,0,0,473021.8808,848095.1665,b4de88c4-7f64-4347-8574-511e97b39e65
672,VERAGUAS,SONÁ,LA SOLEDAD,3,0,1,0,2,0,467680.2622,872763.3466,56987127-d4b1-49a4-80c3-1be32f2f8e24
673,VERAGUAS,SONÁ,LA TRINCHERA,3,0,3,0,0,0,465092.7193,860400.3606,774d6f21-5bf3-4bdd-93ff-4305cc2c4e9f
674,VERAGUAS,SONÁ,QUEBRADA DE ORO,,,,,,,459189.1974,888135.791200001,a8422d04-34fd-4b26-9fa3-d9971d8a6ff6
675,VERAGUAS,SONÁ,RIO GRANDE,1,0,1,0,0,0,461762.1315,852476.243000001,dff93c7e-362d-46c2-968c-f30145f09918
676,VERAGUAS,SONÁ,RODEO VIEJO,,,,,,,464952.0125,894364.5319,cc7f79c0-a2ff-4aaf-9cd0-c31bd4a3685f
677,VERAGUAS,SONÁ,SONA (CABECERA),23,1,7,1,0,14,463882.2303,881430.5118,b24b8866-7f22-4563-bd0c-32f8e4661cd8
